{"v":"5.7.8","fr":60,"ip":0,"op":53,"w":300,"h":300,"nm":"最新的联系人","ddd":0,"assets":[],"layers":[{"ddd":0,"ind":2,"ty":4,"nm":"主导航 联系人 未选中 3","sr":1,"ks":{"o":{"a":0,"k":100,"ix":11},"r":{"a":0,"k":0,"ix":10},"p":{"a":0,"k":[149.828,151.901,0],"ix":2,"l":2},"a":{"a":0,"k":[-5.172,1.901,0],"ix":1,"l":2},"s":{"a":0,"k":[100,100,100],"ix":6,"l":2}},"ao":0,"shapes":[{"ty":"gr","it":[{"ty":"gr","it":[{"ind":0,"ty":"sh","ix":1,"ks":{"a":0,"k":{"i":[[-31.423,0],[0,-31.423],[31.423,0],[0,31.423]],"o":[[31.423,0],[0,31.423],[-31.423,0],[0,-31.423]],"v":[[-5.172,-88.103],[51.724,-31.207],[-5.172,25.69],[-62.069,-31.207]],"c":true},"ix":2},"nm":"路径 1","mn":"ADBE Vector Shape - Group","hd":false},{"ty":"st","c":{"a":0,"k":[0,0.705882370472,1,1],"ix":3},"o":{"a":0,"k":100,"ix":4},"w":{"a":0,"k":20.69,"ix":5},"lc":2,"lj":1,"ml":4,"bm":0,"nm":"描边 1","mn":"ADBE Vector Graphic - Stroke","hd":false},{"ty":"tr","p":{"a":1,"k":[{"i":{"x":0.833,"y":0.833},"o":{"x":0.167,"y":0.167},"t":0,"s":[0,-5.137],"to":[0,0.573],"ti":[0,-2.05]},{"i":{"x":0.833,"y":0.833},"o":{"x":0.167,"y":0.167},"t":1,"s":[0,-1.698],"to":[0,2.05],"ti":[0,-3.496]},{"i":{"x":0.833,"y":0.833},"o":{"x":0.167,"y":0.167},"t":2,"s":[0,7.16],"to":[0,3.496],"ti":[0,-4.217]},{"i":{"x":0.833,"y":0.833},"o":{"x":0.167,"y":0.167},"t":3,"s":[0,19.277],"to":[0,4.217],"ti":[0,-4.215]},{"i":{"x":0.833,"y":0.833},"o":{"x":0.167,"y":0.167},"t":4,"s":[0,32.461],"to":[0,4.215],"ti":[0,-3.495]},{"i":{"x":0.833,"y":0.833},"o":{"x":0.167,"y":0.167},"t":5,"s":[0,44.569],"to":[0,3.495],"ti":[0,-2.049]},{"i":{"x":0.833,"y":0.833},"o":{"x":0.167,"y":0.167},"t":6,"s":[0,53.428],"to":[0,2.049],"ti":[0,-0.242]},{"i":{"x":0.833,"y":0.833},"o":{"x":0.167,"y":0.167},"t":7,"s":[0,56.863],"to":[0,0.242],"ti":[0,1.882]},{"i":{"x":0.833,"y":0.833},"o":{"x":0.167,"y":0.167},"t":8,"s":[0,54.882],"to":[0,-1.882],"ti":[0,3.758]},{"i":{"x":0.833,"y":0.833},"o":{"x":0.167,"y":0.167},"t":9,"s":[0,45.57],"to":[0,-3.758],"ti":[0,4.498]},{"i":{"x":0.833,"y":0.833},"o":{"x":0.167,"y":0.167},"t":10,"s":[0,32.332],"to":[0,-4.498],"ti":[0,4.09]},{"i":{"x":0.833,"y":0.833},"o":{"x":0.167,"y":0.167},"t":11,"s":[0,18.582],"to":[0,-4.09],"ti":[0,3.953]},{"i":{"x":0.833,"y":0.833},"o":{"x":0.167,"y":0.167},"t":12,"s":[0,7.794],"to":[0,-3.953],"ti":[0,2.726]},{"i":{"x":0.833,"y":0.833},"o":{"x":0.167,"y":0.167},"t":13,"s":[0,-5.137],"to":[0,-2.726],"ti":[0,1.044]},{"i":{"x":0.833,"y":0.833},"o":{"x":0.167,"y":0.167},"t":14,"s":[0,-8.56],"to":[0,-1.044],"ti":[0,0.841]},{"i":{"x":0.833,"y":0.833},"o":{"x":0.167,"y":0.167},"t":15,"s":[0,-11.402],"to":[0,-0.841],"ti":[0,0.625]},{"i":{"x":0.833,"y":0.833},"o":{"x":0.167,"y":0.167},"t":16,"s":[0,-13.606],"to":[0,-0.625],"ti":[0,0.409]},{"i":{"x":0.833,"y":0.833},"o":{"x":0.167,"y":0.167},"t":17,"s":[0,-15.154],"to":[0,-0.409],"ti":[0,0.2]},{"i":{"x":0.833,"y":0.833},"o":{"x":0.167,"y":0.167},"t":18,"s":[0,-16.058],"to":[0,-0.2],"ti":[0,0.009]},{"i":{"x":0.833,"y":0.833},"o":{"x":0.167,"y":0.167},"t":19,"s":[0,-16.357],"to":[0,-0.009],"ti":[0,-0.159]},{"i":{"x":0.833,"y":0.833},"o":{"x":0.167,"y":0.167},"t":20,"s":[0,-16.113],"to":[0,0.159],"ti":[0,-0.298]},{"i":{"x":0.833,"y":0.833},"o":{"x":0.167,"y":0.167},"t":21,"s":[0,-15.405],"to":[0,0.298],"ti":[0,-0.407]},{"i":{"x":0.833,"y":0.833},"o":{"x":0.167,"y":0.167},"t":22,"s":[0,-14.323],"to":[0,0.407],"ti":[0,-0.484]},{"i":{"x":0.833,"y":0.833},"o":{"x":0.167,"y":0.167},"t":23,"s":[0,-12.962],"to":[0,0.484],"ti":[0,-0.53]},{"i":{"x":0.833,"y":0.833},"o":{"x":0.167,"y":0.167},"t":24,"s":[0,-11.419],"to":[0,0.53],"ti":[0,-0.545]},{"i":{"x":0.833,"y":0.833},"o":{"x":0.167,"y":0.167},"t":25,"s":[0,-9.785],"to":[0,0.545],"ti":[0,-0.535]},{"i":{"x":0.833,"y":0.833},"o":{"x":0.167,"y":0.167},"t":26,"s":[0,-8.146],"to":[0,0.535],"ti":[0,-0.502]},{"i":{"x":0.833,"y":0.833},"o":{"x":0.167,"y":0.167},"t":27,"s":[0,-6.576],"to":[0,0.502],"ti":[0,-0.45]},{"i":{"x":0.833,"y":0.833},"o":{"x":0.167,"y":0.167},"t":28,"s":[0,-5.137],"to":[0,0.45],"ti":[0,-0.384]},{"i":{"x":0.833,"y":0.833},"o":{"x":0.167,"y":0.167},"t":29,"s":[0,-3.878],"to":[0,0.384],"ti":[0,-0.309]},{"i":{"x":0.833,"y":0.833},"o":{"x":0.167,"y":0.167},"t":30,"s":[0,-2.832],"to":[0,0.309],"ti":[0,-0.23]},{"i":{"x":0.833,"y":0.833},"o":{"x":0.167,"y":0.167},"t":31,"s":[0,-2.021],"to":[0,0.23],"ti":[0,-0.15]},{"i":{"x":0.833,"y":0.833},"o":{"x":0.167,"y":0.167},"t":32,"s":[0,-1.452],"to":[0,0.15],"ti":[0,-0.074]},{"i":{"x":0.833,"y":0.833},"o":{"x":0.167,"y":0.167},"t":33,"s":[0,-1.119],"to":[0,0.074],"ti":[0,-0.003]},{"i":{"x":0.833,"y":0.833},"o":{"x":0.167,"y":0.167},"t":34,"s":[0,-1.009],"to":[0,0.003],"ti":[0,0.058]},{"i":{"x":0.833,"y":0.833},"o":{"x":0.167,"y":0.167},"t":35,"s":[0,-1.099],"to":[0,-0.058],"ti":[0,0.11]},{"i":{"x":0.833,"y":0.833},"o":{"x":0.167,"y":0.167},"t":36,"s":[0,-1.36],"to":[0,-0.11],"ti":[0,0.15]},{"i":{"x":0.833,"y":0.833},"o":{"x":0.167,"y":0.167},"t":37,"s":[0,-1.758],"to":[0,-0.15],"ti":[0,0.178]},{"i":{"x":0.833,"y":0.833},"o":{"x":0.167,"y":0.167},"t":38,"s":[0,-2.258],"to":[0,-0.178],"ti":[0,0.195]},{"i":{"x":0.833,"y":0.833},"o":{"x":0.167,"y":0.167},"t":39,"s":[0,-2.826],"to":[0,-0.195],"ti":[0,0.201]},{"i":{"x":0.833,"y":0.833},"o":{"x":0.167,"y":0.167},"t":40,"s":[0,-3.427],"to":[0,-0.201],"ti":[0,0.197]},{"i":{"x":0.833,"y":0.833},"o":{"x":0.167,"y":0.167},"t":41,"s":[0,-4.03],"to":[0,-0.197],"ti":[0,0.184]},{"i":{"x":0.833,"y":0.833},"o":{"x":0.167,"y":0.167},"t":42,"s":[0,-4.608],"to":[0,-0.184],"ti":[0,0.165]},{"i":{"x":0.833,"y":0.833},"o":{"x":0.167,"y":0.167},"t":43,"s":[0,-5.137],"to":[0,-0.165],"ti":[0,0.141]},{"i":{"x":0.833,"y":0.833},"o":{"x":0.167,"y":0.167},"t":44,"s":[0,-5.6],"to":[0,-0.141],"ti":[0,0.114]},{"i":{"x":0.833,"y":0.833},"o":{"x":0.167,"y":0.167},"t":45,"s":[0,-5.985],"to":[0,-0.114],"ti":[0,0.085]},{"i":{"x":0.833,"y":0.833},"o":{"x":0.167,"y":0.167},"t":46,"s":[0,-6.283],"to":[0,-0.085],"ti":[0,0.055]},{"i":{"x":0.833,"y":0.833},"o":{"x":0.167,"y":0.167},"t":47,"s":[0,-6.493],"to":[0,-0.055],"ti":[0,0.027]},{"i":{"x":0.833,"y":0.833},"o":{"x":0.167,"y":0.167},"t":48,"s":[0,-6.615],"to":[0,-0.027],"ti":[0,0.001]},{"i":{"x":0.833,"y":0.833},"o":{"x":0.167,"y":0.167},"t":49,"s":[0,-6.655],"to":[0,-0.001],"ti":[0,-0.021]},{"i":{"x":0.833,"y":0.833},"o":{"x":0.167,"y":0.167},"t":50,"s":[0,-6.622],"to":[0,0.021],"ti":[0,-0.04]},{"i":{"x":0.833,"y":0.833},"o":{"x":0.167,"y":0.167},"t":51,"s":[0,-6.527],"to":[0,0.04],"ti":[0,-0.024]},{"t":52,"s":[0,-6.38]}],"ix":2},"a":{"a":0,"k":[0,0],"ix":1},"s":{"a":0,"k":[100,100],"ix":3},"r":{"a":0,"k":0,"ix":6},"o":{"a":0,"k":100,"ix":7},"sk":{"a":0,"k":0,"ix":4},"sa":{"a":0,"k":0,"ix":5},"nm":"变换"}],"nm":"椭圆形","np":2,"cix":2,"bm":0,"ix":1,"mn":"ADBE Vector Group","hd":false},{"ty":"gr","it":[{"ind":0,"ty":"sh","ix":1,"ks":{"a":1,"k":[{"i":{"x":0.667,"y":1},"o":{"x":0.333,"y":0},"t":0,"s":[{"i":[[0,0],[34.656,0],[26.445,-18.493]],"o":[[-26.544,-18.711],[-34.435,0],[0,0]],"v":[[87.931,96.905],[-5.427,67.241],[-98.276,96.548]],"c":false}]},{"i":{"x":0.667,"y":1},"o":{"x":0.333,"y":0},"t":7,"s":[{"i":[[0,0],[34.656,0],[19.276,18.952]],"o":[[-18.681,17.845],[-34.435,0],[0,0]],"v":[[93.431,94.655],[-5.354,127.741],[-104.776,94.298]],"c":false}]},{"t":13,"s":[{"i":[[0,0],[34.656,0],[26.445,-18.493]],"o":[[-26.544,-18.711],[-34.435,0],[0,0]],"v":[[87.931,96.905],[-5.427,67.241],[-98.276,96.548]],"c":false}]}],"ix":2},"nm":"路径 1","mn":"ADBE Vector Shape - Group","hd":false},{"ty":"st","c":{"a":0,"k":[0,0.705882370472,1,1],"ix":3},"o":{"a":0,"k":100,"ix":4},"w":{"a":0,"k":20.69,"ix":5},"lc":1,"lj":1,"ml":4,"bm":0,"nm":"描边 1","mn":"ADBE Vector Graphic - Stroke","hd":false},{"ty":"tr","p":{"a":0,"k":[0,0],"ix":2},"a":{"a":0,"k":[0,0],"ix":1},"s":{"a":0,"k":[100,100],"ix":3},"r":{"a":0,"k":0,"ix":6},"o":{"a":0,"k":100,"ix":7},"sk":{"a":0,"k":0,"ix":4},"sa":{"a":0,"k":0,"ix":5},"nm":"变换"}],"nm":"路径","np":2,"cix":2,"bm":0,"ix":2,"mn":"ADBE Vector Group","hd":false},{"ty":"tm","s":{"a":0,"k":0,"ix":1},"e":{"a":1,"k":[{"i":{"x":[0.833],"y":[0.833]},"o":{"x":[0.167],"y":[0.167]},"t":0,"s":[0]},{"t":11.142578125,"s":[100]}],"ix":2},"o":{"a":0,"k":0,"ix":3},"m":1,"ix":3,"nm":"修剪路径 1","mn":"ADBE Vector Filter - Trim","hd":false},{"ty":"tr","p":{"a":0,"k":[0,0],"ix":2},"a":{"a":0,"k":[0,0],"ix":1},"s":{"a":0,"k":[100,100],"ix":3},"r":{"a":0,"k":0,"ix":6},"o":{"a":0,"k":100,"ix":7},"sk":{"a":0,"k":0,"ix":4},"sa":{"a":0,"k":0,"ix":5},"nm":"变换"}],"nm":"编组","np":3,"cix":2,"bm":0,"ix":1,"mn":"ADBE Vector Group","hd":false}],"ip":0,"op":360,"st":0,"bm":0},{"ddd":0,"ind":3,"ty":4,"nm":"主导航 联系人 未选中 2","sr":1,"ks":{"o":{"a":0,"k":100,"ix":11},"r":{"a":0,"k":0,"ix":10},"p":{"a":0,"k":[149.828,151.901,0],"ix":2,"l":2},"a":{"a":0,"k":[-5.172,1.901,0],"ix":1,"l":2},"s":{"a":0,"k":[100,100,100],"ix":6,"l":2}},"ao":0,"shapes":[{"ty":"gr","it":[{"ty":"gr","it":[{"ind":0,"ty":"sh","ix":1,"ks":{"a":0,"k":{"i":[[-31.423,0],[0,-31.423],[31.423,0],[0,31.423]],"o":[[31.423,0],[0,31.423],[-31.423,0],[0,-31.423]],"v":[[-5.172,-88.103],[51.724,-31.207],[-5.172,25.69],[-62.069,-31.207]],"c":true},"ix":2},"nm":"路径 1","mn":"ADBE Vector Shape - Group","hd":false},{"ty":"st","c":{"a":0,"k":[0,0.705882370472,1,1],"ix":3},"o":{"a":0,"k":100,"ix":4},"w":{"a":0,"k":20.69,"ix":5},"lc":2,"lj":1,"ml":4,"bm":0,"nm":"描边 1","mn":"ADBE Vector Graphic - Stroke","hd":false},{"ty":"tr","p":{"a":1,"k":[{"i":{"x":0.833,"y":0.833},"o":{"x":0.167,"y":0.167},"t":0,"s":[0,-5.137],"to":[0,0.573],"ti":[0,-2.05]},{"i":{"x":0.833,"y":0.833},"o":{"x":0.167,"y":0.167},"t":1,"s":[0,-1.698],"to":[0,2.05],"ti":[0,-3.496]},{"i":{"x":0.833,"y":0.833},"o":{"x":0.167,"y":0.167},"t":2,"s":[0,7.16],"to":[0,3.496],"ti":[0,-4.217]},{"i":{"x":0.833,"y":0.833},"o":{"x":0.167,"y":0.167},"t":3,"s":[0,19.277],"to":[0,4.217],"ti":[0,-4.215]},{"i":{"x":0.833,"y":0.833},"o":{"x":0.167,"y":0.167},"t":4,"s":[0,32.461],"to":[0,4.215],"ti":[0,-3.495]},{"i":{"x":0.833,"y":0.833},"o":{"x":0.167,"y":0.167},"t":5,"s":[0,44.569],"to":[0,3.495],"ti":[0,-2.049]},{"i":{"x":0.833,"y":0.833},"o":{"x":0.167,"y":0.167},"t":6,"s":[0,53.428],"to":[0,2.049],"ti":[0,-0.242]},{"i":{"x":0.833,"y":0.833},"o":{"x":0.167,"y":0.167},"t":7,"s":[0,56.863],"to":[0,0.242],"ti":[0,1.882]},{"i":{"x":0.833,"y":0.833},"o":{"x":0.167,"y":0.167},"t":8,"s":[0,54.882],"to":[0,-1.882],"ti":[0,3.758]},{"i":{"x":0.833,"y":0.833},"o":{"x":0.167,"y":0.167},"t":9,"s":[0,45.57],"to":[0,-3.758],"ti":[0,4.498]},{"i":{"x":0.833,"y":0.833},"o":{"x":0.167,"y":0.167},"t":10,"s":[0,32.332],"to":[0,-4.498],"ti":[0,4.09]},{"i":{"x":0.833,"y":0.833},"o":{"x":0.167,"y":0.167},"t":11,"s":[0,18.582],"to":[0,-4.09],"ti":[0,3.953]},{"i":{"x":0.833,"y":0.833},"o":{"x":0.167,"y":0.167},"t":12,"s":[0,7.794],"to":[0,-3.953],"ti":[0,2.726]},{"i":{"x":0.833,"y":0.833},"o":{"x":0.167,"y":0.167},"t":13,"s":[0,-5.137],"to":[0,-2.726],"ti":[0,1.044]},{"i":{"x":0.833,"y":0.833},"o":{"x":0.167,"y":0.167},"t":14,"s":[0,-8.56],"to":[0,-1.044],"ti":[0,0.841]},{"i":{"x":0.833,"y":0.833},"o":{"x":0.167,"y":0.167},"t":15,"s":[0,-11.402],"to":[0,-0.841],"ti":[0,0.625]},{"i":{"x":0.833,"y":0.833},"o":{"x":0.167,"y":0.167},"t":16,"s":[0,-13.606],"to":[0,-0.625],"ti":[0,0.409]},{"i":{"x":0.833,"y":0.833},"o":{"x":0.167,"y":0.167},"t":17,"s":[0,-15.154],"to":[0,-0.409],"ti":[0,0.2]},{"i":{"x":0.833,"y":0.833},"o":{"x":0.167,"y":0.167},"t":18,"s":[0,-16.058],"to":[0,-0.2],"ti":[0,0.009]},{"i":{"x":0.833,"y":0.833},"o":{"x":0.167,"y":0.167},"t":19,"s":[0,-16.357],"to":[0,-0.009],"ti":[0,-0.159]},{"i":{"x":0.833,"y":0.833},"o":{"x":0.167,"y":0.167},"t":20,"s":[0,-16.113],"to":[0,0.159],"ti":[0,-0.298]},{"i":{"x":0.833,"y":0.833},"o":{"x":0.167,"y":0.167},"t":21,"s":[0,-15.405],"to":[0,0.298],"ti":[0,-0.407]},{"i":{"x":0.833,"y":0.833},"o":{"x":0.167,"y":0.167},"t":22,"s":[0,-14.323],"to":[0,0.407],"ti":[0,-0.484]},{"i":{"x":0.833,"y":0.833},"o":{"x":0.167,"y":0.167},"t":23,"s":[0,-12.962],"to":[0,0.484],"ti":[0,-0.53]},{"i":{"x":0.833,"y":0.833},"o":{"x":0.167,"y":0.167},"t":24,"s":[0,-11.419],"to":[0,0.53],"ti":[0,-0.545]},{"i":{"x":0.833,"y":0.833},"o":{"x":0.167,"y":0.167},"t":25,"s":[0,-9.785],"to":[0,0.545],"ti":[0,-0.535]},{"i":{"x":0.833,"y":0.833},"o":{"x":0.167,"y":0.167},"t":26,"s":[0,-8.146],"to":[0,0.535],"ti":[0,-0.502]},{"i":{"x":0.833,"y":0.833},"o":{"x":0.167,"y":0.167},"t":27,"s":[0,-6.576],"to":[0,0.502],"ti":[0,-0.45]},{"i":{"x":0.833,"y":0.833},"o":{"x":0.167,"y":0.167},"t":28,"s":[0,-5.137],"to":[0,0.45],"ti":[0,-0.384]},{"i":{"x":0.833,"y":0.833},"o":{"x":0.167,"y":0.167},"t":29,"s":[0,-3.878],"to":[0,0.384],"ti":[0,-0.309]},{"i":{"x":0.833,"y":0.833},"o":{"x":0.167,"y":0.167},"t":30,"s":[0,-2.832],"to":[0,0.309],"ti":[0,-0.23]},{"i":{"x":0.833,"y":0.833},"o":{"x":0.167,"y":0.167},"t":31,"s":[0,-2.021],"to":[0,0.23],"ti":[0,-0.15]},{"i":{"x":0.833,"y":0.833},"o":{"x":0.167,"y":0.167},"t":32,"s":[0,-1.452],"to":[0,0.15],"ti":[0,-0.074]},{"i":{"x":0.833,"y":0.833},"o":{"x":0.167,"y":0.167},"t":33,"s":[0,-1.119],"to":[0,0.074],"ti":[0,-0.003]},{"i":{"x":0.833,"y":0.833},"o":{"x":0.167,"y":0.167},"t":34,"s":[0,-1.009],"to":[0,0.003],"ti":[0,0.058]},{"i":{"x":0.833,"y":0.833},"o":{"x":0.167,"y":0.167},"t":35,"s":[0,-1.099],"to":[0,-0.058],"ti":[0,0.11]},{"i":{"x":0.833,"y":0.833},"o":{"x":0.167,"y":0.167},"t":36,"s":[0,-1.36],"to":[0,-0.11],"ti":[0,0.15]},{"i":{"x":0.833,"y":0.833},"o":{"x":0.167,"y":0.167},"t":37,"s":[0,-1.758],"to":[0,-0.15],"ti":[0,0.178]},{"i":{"x":0.833,"y":0.833},"o":{"x":0.167,"y":0.167},"t":38,"s":[0,-2.258],"to":[0,-0.178],"ti":[0,0.195]},{"i":{"x":0.833,"y":0.833},"o":{"x":0.167,"y":0.167},"t":39,"s":[0,-2.826],"to":[0,-0.195],"ti":[0,0.201]},{"i":{"x":0.833,"y":0.833},"o":{"x":0.167,"y":0.167},"t":40,"s":[0,-3.427],"to":[0,-0.201],"ti":[0,0.197]},{"i":{"x":0.833,"y":0.833},"o":{"x":0.167,"y":0.167},"t":41,"s":[0,-4.03],"to":[0,-0.197],"ti":[0,0.184]},{"i":{"x":0.833,"y":0.833},"o":{"x":0.167,"y":0.167},"t":42,"s":[0,-4.608],"to":[0,-0.184],"ti":[0,0.165]},{"i":{"x":0.833,"y":0.833},"o":{"x":0.167,"y":0.167},"t":43,"s":[0,-5.137],"to":[0,-0.165],"ti":[0,0.141]},{"i":{"x":0.833,"y":0.833},"o":{"x":0.167,"y":0.167},"t":44,"s":[0,-5.6],"to":[0,-0.141],"ti":[0,0.114]},{"i":{"x":0.833,"y":0.833},"o":{"x":0.167,"y":0.167},"t":45,"s":[0,-5.985],"to":[0,-0.114],"ti":[0,0.085]},{"i":{"x":0.833,"y":0.833},"o":{"x":0.167,"y":0.167},"t":46,"s":[0,-6.283],"to":[0,-0.085],"ti":[0,0.055]},{"i":{"x":0.833,"y":0.833},"o":{"x":0.167,"y":0.167},"t":47,"s":[0,-6.493],"to":[0,-0.055],"ti":[0,0.027]},{"i":{"x":0.833,"y":0.833},"o":{"x":0.167,"y":0.167},"t":48,"s":[0,-6.615],"to":[0,-0.027],"ti":[0,0.001]},{"i":{"x":0.833,"y":0.833},"o":{"x":0.167,"y":0.167},"t":49,"s":[0,-6.655],"to":[0,-0.001],"ti":[0,-0.021]},{"i":{"x":0.833,"y":0.833},"o":{"x":0.167,"y":0.167},"t":50,"s":[0,-6.622],"to":[0,0.021],"ti":[0,-0.04]},{"i":{"x":0.833,"y":0.833},"o":{"x":0.167,"y":0.167},"t":51,"s":[0,-6.527],"to":[0,0.04],"ti":[0,-0.024]},{"t":52,"s":[0,-6.38]}],"ix":2},"a":{"a":0,"k":[0,0],"ix":1},"s":{"a":0,"k":[100,100],"ix":3},"r":{"a":0,"k":0,"ix":6},"o":{"a":0,"k":100,"ix":7},"sk":{"a":0,"k":0,"ix":4},"sa":{"a":0,"k":0,"ix":5},"nm":"变换"}],"nm":"椭圆形","np":2,"cix":2,"bm":0,"ix":1,"mn":"ADBE Vector Group","hd":false},{"ty":"gr","it":[{"ind":0,"ty":"sh","ix":1,"ks":{"a":1,"k":[{"i":{"x":0.667,"y":1},"o":{"x":0.333,"y":0},"t":0,"s":[{"i":[[0.513,0.31],[30.529,0],[24.699,-15.116]],"o":[[-24.522,-14.815],[-30.862,0],[-0.245,0.15]],"v":[[78.214,90.556],[-5.427,67.241],[-89.871,91.044]],"c":false}]},{"i":{"x":0.667,"y":1},"o":{"x":0.333,"y":0},"t":7,"s":[{"i":[[0.452,-0.314],[30.529,0],[21.828,16.06]],"o":[[-21.603,15.016],[-30.862,0],[-0.217,-0.16]],"v":[[85.681,100.898],[-5.354,127.741],[-97.965,100.041]],"c":false}]},{"t":13,"s":[{"i":[[0.513,0.31],[30.529,0],[24.699,-15.116]],"o":[[-24.522,-14.815],[-30.862,0],[-0.245,0.15]],"v":[[78.214,90.556],[-5.427,67.241],[-89.871,91.044]],"c":false}]}],"ix":2},"nm":"路径 1","mn":"ADBE Vector Shape - Group","hd":false},{"ty":"st","c":{"a":0,"k":[0,0.705882370472,1,1],"ix":3},"o":{"a":0,"k":100,"ix":4},"w":{"a":0,"k":20.69,"ix":5},"lc":2,"lj":1,"ml":4,"bm":0,"nm":"描边 1","mn":"ADBE Vector Graphic - Stroke","hd":false},{"ty":"tr","p":{"a":0,"k":[0,0],"ix":2},"a":{"a":0,"k":[0,0],"ix":1},"s":{"a":0,"k":[100,100],"ix":3},"r":{"a":0,"k":0,"ix":6},"o":{"a":0,"k":100,"ix":7},"sk":{"a":0,"k":0,"ix":4},"sa":{"a":0,"k":0,"ix":5},"nm":"变换"}],"nm":"路径","np":2,"cix":2,"bm":0,"ix":2,"mn":"ADBE Vector Group","hd":false},{"ty":"tm","s":{"a":0,"k":0,"ix":1},"e":{"a":1,"k":[{"i":{"x":[0.833],"y":[0.833]},"o":{"x":[0.167],"y":[0.167]},"t":0,"s":[0]},{"t":11.142578125,"s":[100]}],"ix":2},"o":{"a":0,"k":0,"ix":3},"m":1,"ix":3,"nm":"修剪路径 1","mn":"ADBE Vector Filter - Trim","hd":false},{"ty":"tr","p":{"a":0,"k":[0,0],"ix":2},"a":{"a":0,"k":[0,0],"ix":1},"s":{"a":0,"k":[100,100],"ix":3},"r":{"a":0,"k":0,"ix":6},"o":{"a":0,"k":100,"ix":7},"sk":{"a":0,"k":0,"ix":4},"sa":{"a":0,"k":0,"ix":5},"nm":"变换"}],"nm":"编组","np":3,"cix":2,"bm":0,"ix":1,"mn":"ADBE Vector Group","hd":false}],"ip":0,"op":360,"st":0,"bm":0},{"ddd":0,"ind":4,"ty":4,"nm":"主导航 联系人 未选中","sr":1,"ks":{"o":{"a":0,"k":100,"ix":11},"r":{"a":0,"k":0,"ix":10},"p":{"a":0,"k":[149.828,151.901,0],"ix":2,"l":2},"a":{"a":0,"k":[-5.172,1.901,0],"ix":1,"l":2},"s":{"a":0,"k":[100,100,100],"ix":6,"l":2}},"ao":0,"shapes":[{"ty":"gr","it":[{"ty":"gr","it":[{"ind":0,"ty":"sh","ix":1,"ks":{"a":0,"k":{"i":[[-31.423,0],[0,-31.423],[31.423,0],[0,31.423]],"o":[[31.423,0],[0,31.423],[-31.423,0],[0,-31.423]],"v":[[-5.172,-88.103],[51.724,-31.207],[-5.172,25.69],[-62.069,-31.207]],"c":true},"ix":2},"nm":"路径 1","mn":"ADBE Vector Shape - Group","hd":false},{"ty":"st","c":{"a":0,"k":[0,0,0,1],"ix":3},"o":{"a":0,"k":100,"ix":4},"w":{"a":1,"k":[{"i":{"x":[0.833],"y":[0.833]},"o":{"x":[0.167],"y":[0.167]},"t":0,"s":[20.69]},{"t":13,"s":[19]}],"ix":5},"lc":2,"lj":1,"ml":4,"bm":0,"nm":"描边 1","mn":"ADBE Vector Graphic - Stroke","hd":false},{"ty":"tr","p":{"a":1,"k":[{"i":{"x":0.833,"y":0.702},"o":{"x":0.167,"y":0.167},"t":0,"s":[0,-5.137],"to":[0,0.573],"ti":[0,-2.05]},{"i":{"x":0.833,"y":0.803},"o":{"x":0.167,"y":0.116},"t":1,"s":[0,-1.698],"to":[0,2.05],"ti":[0,-3.496]},{"i":{"x":0.833,"y":0.826},"o":{"x":0.167,"y":0.144},"t":2,"s":[0,7.16],"to":[0,3.496],"ti":[0,-4.217]},{"i":{"x":0.833,"y":0.84},"o":{"x":0.167,"y":0.16},"t":3,"s":[0,19.277],"to":[0,4.217],"ti":[0,-4.215]},{"i":{"x":0.833,"y":0.856},"o":{"x":0.167,"y":0.174},"t":4,"s":[0,32.461],"to":[0,4.215],"ti":[0,-3.495]},{"i":{"x":0.833,"y":0.884},"o":{"x":0.167,"y":0.197},"t":5,"s":[0,44.569],"to":[0,3.495],"ti":[0,-2.049]},{"i":{"x":0.833,"y":0.865},"o":{"x":0.167,"y":0.298},"t":6,"s":[0,53.428],"to":[0,2.049],"ti":[0,-0.242]},{"i":{"x":0.833,"y":0.55},"o":{"x":0.167,"y":0.218},"t":7,"s":[0,56.863],"to":[0,0.242],"ti":[0,1.882]},{"i":{"x":0.833,"y":0.798},"o":{"x":0.167,"y":0.102},"t":8,"s":[0,54.882],"to":[0,-1.882],"ti":[0,3.758]},{"i":{"x":0.833,"y":0.83},"o":{"x":0.167,"y":0.142},"t":9,"s":[0,45.57],"to":[0,-3.758],"ti":[0,4.498]},{"i":{"x":0.833,"y":0.851},"o":{"x":0.167,"y":0.164},"t":10,"s":[0,32.332],"to":[0,-4.498],"ti":[0,4.09]},{"i":{"x":0.833,"y":0.817},"o":{"x":0.167,"y":0.19},"t":11,"s":[0,18.582],"to":[0,-4.09],"ti":[0,3.953]},{"i":{"x":0.833,"y":0.895},"o":{"x":0.167,"y":0.153},"t":12,"s":[0,7.794],"to":[0,-3.953],"ti":[0,2.726]},{"i":{"x":0.833,"y":0.847},"o":{"x":0.167,"y":0.398},"t":13,"s":[0,-5.137],"to":[0,-2.726],"ti":[0,1.044]},{"i":{"x":0.833,"y":0.852},"o":{"x":0.167,"y":0.184},"t":14,"s":[0,-8.56],"to":[0,-1.044],"ti":[0,0.841]},{"i":{"x":0.833,"y":0.858},"o":{"x":0.167,"y":0.191},"t":15,"s":[0,-11.402],"to":[0,-0.841],"ti":[0,0.625]},{"i":{"x":0.833,"y":0.868},"o":{"x":0.167,"y":0.202},"t":16,"s":[0,-13.606],"to":[0,-0.625],"ti":[0,0.409]},{"i":{"x":0.833,"y":0.889},"o":{"x":0.167,"y":0.226},"t":17,"s":[0,-15.154],"to":[0,-0.409],"ti":[0,0.2]},{"i":{"x":0.833,"y":0.848},"o":{"x":0.167,"y":0.335},"t":18,"s":[0,-16.058],"to":[0,-0.2],"ti":[0,0.009]},{"i":{"x":0.833,"y":0.676},"o":{"x":0.167,"y":0.185},"t":19,"s":[0,-16.357],"to":[0,-0.009],"ti":[0,-0.159]},{"i":{"x":0.833,"y":0.789},"o":{"x":0.167,"y":0.112},"t":20,"s":[0,-16.113],"to":[0,0.159],"ti":[0,-0.298]},{"i":{"x":0.833,"y":0.812},"o":{"x":0.167,"y":0.138},"t":21,"s":[0,-15.405],"to":[0,0.298],"ti":[0,-0.407]},{"i":{"x":0.833,"y":0.822},"o":{"x":0.167,"y":0.15},"t":22,"s":[0,-14.323],"to":[0,0.407],"ti":[0,-0.484]},{"i":{"x":0.833,"y":0.828},"o":{"x":0.167,"y":0.157},"t":23,"s":[0,-12.962],"to":[0,0.484],"ti":[0,-0.53]},{"i":{"x":0.833,"y":0.833},"o":{"x":0.167,"y":0.162},"t":24,"s":[0,-11.419],"to":[0,0.53],"ti":[0,-0.545]},{"i":{"x":0.833,"y":0.837},"o":{"x":0.167,"y":0.166},"t":25,"s":[0,-9.785],"to":[0,0.545],"ti":[0,-0.535]},{"i":{"x":0.833,"y":0.84},"o":{"x":0.167,"y":0.17},"t":26,"s":[0,-8.146],"to":[0,0.535],"ti":[0,-0.502]},{"i":{"x":0.833,"y":0.844},"o":{"x":0.167,"y":0.174},"t":27,"s":[0,-6.576],"to":[0,0.502],"ti":[0,-0.45]},{"i":{"x":0.833,"y":0.847},"o":{"x":0.167,"y":0.179},"t":28,"s":[0,-5.137],"to":[0,0.45],"ti":[0,-0.384]},{"i":{"x":0.833,"y":0.852},"o":{"x":0.167,"y":0.184},"t":29,"s":[0,-3.878],"to":[0,0.384],"ti":[0,-0.309]},{"i":{"x":0.833,"y":0.858},"o":{"x":0.167,"y":0.191},"t":30,"s":[0,-2.832],"to":[0,0.309],"ti":[0,-0.23]},{"i":{"x":0.833,"y":0.868},"o":{"x":0.167,"y":0.202},"t":31,"s":[0,-2.021],"to":[0,0.23],"ti":[0,-0.15]},{"i":{"x":0.833,"y":0.889},"o":{"x":0.167,"y":0.226},"t":32,"s":[0,-1.452],"to":[0,0.15],"ti":[0,-0.074]},{"i":{"x":0.833,"y":0.848},"o":{"x":0.167,"y":0.335},"t":33,"s":[0,-1.119],"to":[0,0.074],"ti":[0,-0.003]},{"i":{"x":0.833,"y":0.676},"o":{"x":0.167,"y":0.185},"t":34,"s":[0,-1.009],"to":[0,0.003],"ti":[0,0.058]},{"i":{"x":0.833,"y":0.789},"o":{"x":0.167,"y":0.112},"t":35,"s":[0,-1.099],"to":[0,-0.058],"ti":[0,0.11]},{"i":{"x":0.833,"y":0.812},"o":{"x":0.167,"y":0.138},"t":36,"s":[0,-1.36],"to":[0,-0.11],"ti":[0,0.15]},{"i":{"x":0.833,"y":0.822},"o":{"x":0.167,"y":0.15},"t":37,"s":[0,-1.758],"to":[0,-0.15],"ti":[0,0.178]},{"i":{"x":0.833,"y":0.828},"o":{"x":0.167,"y":0.157},"t":38,"s":[0,-2.258],"to":[0,-0.178],"ti":[0,0.195]},{"i":{"x":0.833,"y":0.833},"o":{"x":0.167,"y":0.162},"t":39,"s":[0,-2.826],"to":[0,-0.195],"ti":[0,0.201]},{"i":{"x":0.833,"y":0.837},"o":{"x":0.167,"y":0.166},"t":40,"s":[0,-3.427],"to":[0,-0.201],"ti":[0,0.197]},{"i":{"x":0.833,"y":0.84},"o":{"x":0.167,"y":0.17},"t":41,"s":[0,-4.03],"to":[0,-0.197],"ti":[0,0.184]},{"i":{"x":0.833,"y":0.844},"o":{"x":0.167,"y":0.174},"t":42,"s":[0,-4.608],"to":[0,-0.184],"ti":[0,0.165]},{"i":{"x":0.833,"y":0.847},"o":{"x":0.167,"y":0.179},"t":43,"s":[0,-5.137],"to":[0,-0.165],"ti":[0,0.141]},{"i":{"x":0.833,"y":0.852},"o":{"x":0.167,"y":0.184},"t":44,"s":[0,-5.6],"to":[0,-0.141],"ti":[0,0.114]},{"i":{"x":0.833,"y":0.858},"o":{"x":0.167,"y":0.191},"t":45,"s":[0,-5.985],"to":[0,-0.114],"ti":[0,0.085]},{"i":{"x":0.833,"y":0.868},"o":{"x":0.167,"y":0.202},"t":46,"s":[0,-6.283],"to":[0,-0.085],"ti":[0,0.055]},{"i":{"x":0.833,"y":0.889},"o":{"x":0.167,"y":0.226},"t":47,"s":[0,-6.493],"to":[0,-0.055],"ti":[0,0.027]},{"i":{"x":0.833,"y":0.848},"o":{"x":0.167,"y":0.335},"t":48,"s":[0,-6.615],"to":[0,-0.027],"ti":[0,0.001]},{"i":{"x":0.833,"y":0.675},"o":{"x":0.167,"y":0.185},"t":49,"s":[0,-6.655],"to":[0,-0.001],"ti":[0,-0.021]},{"i":{"x":0.833,"y":0.789},"o":{"x":0.167,"y":0.112},"t":50,"s":[0,-6.622],"to":[0,0.021],"ti":[0,-0.04]},{"i":{"x":0.833,"y":0.812},"o":{"x":0.167,"y":0.138},"t":51,"s":[0,-6.527],"to":[0,0.04],"ti":[0,-0.055]},{"i":{"x":0.833,"y":0.822},"o":{"x":0.167,"y":0.15},"t":52,"s":[0,-6.38],"to":[0,0.055],"ti":[0,-0.066]},{"i":{"x":0.833,"y":0.828},"o":{"x":0.167,"y":0.157},"t":53,"s":[0,-6.196],"to":[0,0.066],"ti":[0,-0.072]},{"i":{"x":0.833,"y":0.833},"o":{"x":0.167,"y":0.162},"t":54,"s":[0,-5.987],"to":[0,0.072],"ti":[0,-0.074]},{"i":{"x":0.833,"y":0.837},"o":{"x":0.167,"y":0.166},"t":55,"s":[0,-5.766],"to":[0,0.074],"ti":[0,-0.072]},{"i":{"x":0.833,"y":0.84},"o":{"x":0.167,"y":0.17},"t":56,"s":[0,-5.544],"to":[0,0.072],"ti":[0,-0.068]},{"i":{"x":0.833,"y":0.844},"o":{"x":0.167,"y":0.174},"t":57,"s":[0,-5.332],"to":[0,0.068],"ti":[0,-0.061]},{"i":{"x":0.833,"y":0.847},"o":{"x":0.167,"y":0.179},"t":58,"s":[0,-5.137],"to":[0,0.061],"ti":[0,-0.052]},{"i":{"x":0.833,"y":0.852},"o":{"x":0.167,"y":0.184},"t":59,"s":[0,-4.967],"to":[0,0.052],"ti":[0,-0.042]},{"i":{"x":0.833,"y":0.858},"o":{"x":0.167,"y":0.191},"t":60,"s":[0,-4.825],"to":[0,0.042],"ti":[0,-0.031]},{"i":{"x":0.833,"y":0.868},"o":{"x":0.167,"y":0.202},"t":61,"s":[0,-4.715],"to":[0,0.031],"ti":[0,-0.02]},{"i":{"x":0.833,"y":0.889},"o":{"x":0.167,"y":0.226},"t":62,"s":[0,-4.638],"to":[0,0.02],"ti":[0,-0.01]},{"i":{"x":0.833,"y":0.848},"o":{"x":0.167,"y":0.335},"t":63,"s":[0,-4.593],"to":[0,0.01],"ti":[0,0]},{"i":{"x":0.833,"y":0.674},"o":{"x":0.167,"y":0.186},"t":64,"s":[0,-4.578],"to":[0,0],"ti":[0,0.008]},{"i":{"x":0.833,"y":0.789},"o":{"x":0.167,"y":0.112},"t":65,"s":[0,-4.59],"to":[0,-0.008],"ti":[0,0.015]},{"i":{"x":0.833,"y":0.812},"o":{"x":0.167,"y":0.138},"t":66,"s":[0,-4.626],"to":[0,-0.015],"ti":[0,0.02]},{"i":{"x":0.833,"y":0.822},"o":{"x":0.167,"y":0.15},"t":67,"s":[0,-4.68],"to":[0,-0.02],"ti":[0,0.024]},{"i":{"x":0.833,"y":0.828},"o":{"x":0.167,"y":0.157},"t":68,"s":[0,-4.747],"to":[0,-0.024],"ti":[0,0.026]},{"i":{"x":0.833,"y":0.833},"o":{"x":0.167,"y":0.162},"t":69,"s":[0,-4.824],"to":[0,-0.026],"ti":[0,0.027]},{"i":{"x":0.833,"y":0.837},"o":{"x":0.167,"y":0.166},"t":70,"s":[0,-4.906],"to":[0,-0.027],"ti":[0,0.027]},{"i":{"x":0.833,"y":0.84},"o":{"x":0.167,"y":0.17},"t":71,"s":[0,-4.987],"to":[0,-0.027],"ti":[0,0.025]},{"i":{"x":0.833,"y":0.917},"o":{"x":0.167,"y":0.174},"t":72,"s":[0,-5.065],"to":[0,-0.025],"ti":[0,0.012]},{"i":{"x":0.833,"y":1},"o":{"x":0,"y":1},"t":73,"s":[0,-5.137],"to":[0,0],"ti":[0,0]},{"i":{"x":0.833,"y":0.833},"o":{"x":0.167,"y":0.167},"t":74,"s":[0,-5.137],"to":[0,0],"ti":[0,0]},{"i":{"x":0.833,"y":0.833},"o":{"x":0.167,"y":0.167},"t":75,"s":[0,-5.137],"to":[0,0],"ti":[0,0]},{"i":{"x":0.833,"y":0.833},"o":{"x":0.167,"y":0.167},"t":76,"s":[0,-5.137],"to":[0,0],"ti":[0,0]},{"i":{"x":0.833,"y":0.833},"o":{"x":0.167,"y":0.167},"t":77,"s":[0,-5.137],"to":[0,0],"ti":[0,0]},{"i":{"x":0.833,"y":0.833},"o":{"x":0.167,"y":0.167},"t":78,"s":[0,-5.137],"to":[0,0],"ti":[0,0]},{"i":{"x":0.833,"y":0.833},"o":{"x":0.167,"y":0.167},"t":79,"s":[0,-5.137],"to":[0,0],"ti":[0,0]},{"i":{"x":0.833,"y":0.833},"o":{"x":0.167,"y":0.167},"t":80,"s":[0,-5.137],"to":[0,0],"ti":[0,0]},{"i":{"x":0.833,"y":0.833},"o":{"x":0.167,"y":0.167},"t":81,"s":[0,-5.137],"to":[0,0],"ti":[0,0]},{"i":{"x":0.833,"y":0.833},"o":{"x":0.167,"y":0.167},"t":82,"s":[0,-5.137],"to":[0,0],"ti":[0,0]},{"i":{"x":0.833,"y":0.833},"o":{"x":0.167,"y":0.167},"t":83,"s":[0,-5.137],"to":[0,0],"ti":[0,0]},{"i":{"x":0.833,"y":0.833},"o":{"x":0.167,"y":0.167},"t":84,"s":[0,-5.137],"to":[0,0],"ti":[0,0]},{"i":{"x":0.833,"y":0.833},"o":{"x":0.167,"y":0.167},"t":85,"s":[0,-5.137],"to":[0,0],"ti":[0,0]},{"i":{"x":0.833,"y":0.833},"o":{"x":0.167,"y":0.167},"t":86,"s":[0,-5.137],"to":[0,0],"ti":[0,0]},{"i":{"x":0.833,"y":0.833},"o":{"x":0.167,"y":0.167},"t":87,"s":[0,-5.137],"to":[0,0],"ti":[0,0]},{"i":{"x":0.833,"y":0.833},"o":{"x":0.167,"y":0.167},"t":88,"s":[0,-5.137],"to":[0,0],"ti":[0,0]},{"i":{"x":0.833,"y":0.833},"o":{"x":0.167,"y":0.167},"t":89,"s":[0,-5.137],"to":[0,0],"ti":[0,0]},{"i":{"x":0.833,"y":0.833},"o":{"x":0.167,"y":0.167},"t":90,"s":[0,-5.137],"to":[0,0],"ti":[0,0]},{"i":{"x":0.833,"y":0.833},"o":{"x":0.167,"y":0.167},"t":91,"s":[0,-5.137],"to":[0,0],"ti":[0,0]},{"i":{"x":0.833,"y":0.833},"o":{"x":0.167,"y":0.167},"t":92,"s":[0,-5.137],"to":[0,0],"ti":[0,0]},{"i":{"x":0.833,"y":0.833},"o":{"x":0.167,"y":0.167},"t":93,"s":[0,-5.137],"to":[0,0],"ti":[0,0]},{"i":{"x":0.833,"y":0.833},"o":{"x":0.167,"y":0.167},"t":94,"s":[0,-5.137],"to":[0,0],"ti":[0,0]},{"i":{"x":0.833,"y":0.833},"o":{"x":0.167,"y":0.167},"t":95,"s":[0,-5.137],"to":[0,0],"ti":[0,0]},{"i":{"x":0.833,"y":0.833},"o":{"x":0.167,"y":0.167},"t":96,"s":[0,-5.137],"to":[0,0],"ti":[0,0]},{"i":{"x":0.833,"y":0.833},"o":{"x":0.167,"y":0.167},"t":97,"s":[0,-5.137],"to":[0,0],"ti":[0,0]},{"i":{"x":0.833,"y":0.833},"o":{"x":0.167,"y":0.167},"t":98,"s":[0,-5.137],"to":[0,0],"ti":[0,0]},{"i":{"x":0.833,"y":0.833},"o":{"x":0.167,"y":0.167},"t":99,"s":[0,-5.137],"to":[0,0],"ti":[0,0]},{"i":{"x":0.833,"y":0.833},"o":{"x":0.167,"y":0.167},"t":100,"s":[0,-5.137],"to":[0,0],"ti":[0,0]},{"i":{"x":0.833,"y":0.833},"o":{"x":0.167,"y":0.167},"t":101,"s":[0,-5.137],"to":[0,0],"ti":[0,0]},{"i":{"x":0.833,"y":0.833},"o":{"x":0.167,"y":0.167},"t":102,"s":[0,-5.137],"to":[0,0],"ti":[0,0]},{"i":{"x":0.833,"y":0.833},"o":{"x":0.167,"y":0.167},"t":103,"s":[0,-5.137],"to":[0,0],"ti":[0,0]},{"i":{"x":0.833,"y":0.833},"o":{"x":0.167,"y":0.167},"t":104,"s":[0,-5.137],"to":[0,0],"ti":[0,0]},{"i":{"x":0.833,"y":0.833},"o":{"x":0.167,"y":0.167},"t":105,"s":[0,-5.137],"to":[0,0],"ti":[0,0]},{"i":{"x":0.833,"y":0.833},"o":{"x":0.167,"y":0.167},"t":106,"s":[0,-5.137],"to":[0,0],"ti":[0,0]},{"i":{"x":0.833,"y":0.833},"o":{"x":0.167,"y":0.167},"t":107,"s":[0,-5.137],"to":[0,0],"ti":[0,0]},{"i":{"x":0.833,"y":0.833},"o":{"x":0.167,"y":0.167},"t":108,"s":[0,-5.137],"to":[0,0],"ti":[0,0]},{"i":{"x":0.833,"y":0.833},"o":{"x":0.167,"y":0.167},"t":109,"s":[0,-5.137],"to":[0,0],"ti":[0,0]},{"i":{"x":0.833,"y":0.833},"o":{"x":0.167,"y":0.167},"t":110,"s":[0,-5.137],"to":[0,0],"ti":[0,0]},{"i":{"x":0.833,"y":0.833},"o":{"x":0.167,"y":0.167},"t":111,"s":[0,-5.137],"to":[0,0],"ti":[0,0]},{"i":{"x":0.833,"y":0.833},"o":{"x":0.167,"y":0.167},"t":112,"s":[0,-5.137],"to":[0,0],"ti":[0,0]},{"i":{"x":0.833,"y":0.833},"o":{"x":0.167,"y":0.167},"t":113,"s":[0,-5.137],"to":[0,0],"ti":[0,0]},{"i":{"x":0.833,"y":0.833},"o":{"x":0.167,"y":0.167},"t":114,"s":[0,-5.137],"to":[0,0],"ti":[0,0]},{"i":{"x":0.833,"y":0.833},"o":{"x":0.167,"y":0.167},"t":115,"s":[0,-5.137],"to":[0,0],"ti":[0,0]},{"i":{"x":0.833,"y":0.833},"o":{"x":0.167,"y":0.167},"t":116,"s":[0,-5.137],"to":[0,0],"ti":[0,0]},{"i":{"x":0.833,"y":0.833},"o":{"x":0.167,"y":0.167},"t":117,"s":[0,-5.137],"to":[0,0],"ti":[0,0]},{"i":{"x":0.833,"y":0.833},"o":{"x":0.167,"y":0.167},"t":118,"s":[0,-5.137],"to":[0,0],"ti":[0,0]},{"i":{"x":0.833,"y":0.833},"o":{"x":0.167,"y":0.167},"t":119,"s":[0,-5.137],"to":[0,0],"ti":[0,0]},{"i":{"x":0.833,"y":0.833},"o":{"x":0.167,"y":0.167},"t":120,"s":[0,-5.137],"to":[0,0],"ti":[0,0]},{"i":{"x":0.833,"y":0.833},"o":{"x":0.167,"y":0.167},"t":121,"s":[0,-5.137],"to":[0,0],"ti":[0,0]},{"i":{"x":0.833,"y":0.833},"o":{"x":0.167,"y":0.167},"t":122,"s":[0,-5.137],"to":[0,0],"ti":[0,0]},{"i":{"x":0.833,"y":0.833},"o":{"x":0.167,"y":0.167},"t":123,"s":[0,-5.137],"to":[0,0],"ti":[0,0]},{"i":{"x":0.833,"y":0.833},"o":{"x":0.167,"y":0.167},"t":124,"s":[0,-5.137],"to":[0,0],"ti":[0,0]},{"i":{"x":0.833,"y":0.833},"o":{"x":0.167,"y":0.167},"t":125,"s":[0,-5.137],"to":[0,0],"ti":[0,0]},{"i":{"x":0.833,"y":0.833},"o":{"x":0.167,"y":0.167},"t":126,"s":[0,-5.137],"to":[0,0],"ti":[0,0]},{"i":{"x":0.833,"y":0.833},"o":{"x":0.167,"y":0.167},"t":127,"s":[0,-5.137],"to":[0,0],"ti":[0,0]},{"i":{"x":0.833,"y":0.833},"o":{"x":0.167,"y":0.167},"t":128,"s":[0,-5.137],"to":[0,0],"ti":[0,0]},{"i":{"x":0.833,"y":0.833},"o":{"x":0.167,"y":0.167},"t":129,"s":[0,-5.137],"to":[0,0],"ti":[0,0]},{"i":{"x":0.833,"y":0.833},"o":{"x":0.167,"y":0.167},"t":130,"s":[0,-5.137],"to":[0,0],"ti":[0,0]},{"i":{"x":0.833,"y":0.833},"o":{"x":0.167,"y":0.167},"t":131,"s":[0,-5.137],"to":[0,0],"ti":[0,0]},{"i":{"x":0.833,"y":0.833},"o":{"x":0.167,"y":0.167},"t":132,"s":[0,-5.137],"to":[0,0],"ti":[0,0]},{"i":{"x":0.833,"y":0.833},"o":{"x":0.167,"y":0.167},"t":133,"s":[0,-5.137],"to":[0,0],"ti":[0,0]},{"i":{"x":0.833,"y":0.833},"o":{"x":0.167,"y":0.167},"t":134,"s":[0,-5.137],"to":[0,0],"ti":[0,0]},{"i":{"x":0.833,"y":0.833},"o":{"x":0.167,"y":0.167},"t":135,"s":[0,-5.137],"to":[0,0],"ti":[0,0]},{"i":{"x":0.833,"y":0.833},"o":{"x":0.167,"y":0.167},"t":136,"s":[0,-5.137],"to":[0,0],"ti":[0,0]},{"i":{"x":0.833,"y":0.833},"o":{"x":0.167,"y":0.167},"t":137,"s":[0,-5.137],"to":[0,0],"ti":[0,0]},{"i":{"x":0.833,"y":0.833},"o":{"x":0.167,"y":0.167},"t":138,"s":[0,-5.137],"to":[0,0],"ti":[0,0]},{"i":{"x":0.833,"y":0.833},"o":{"x":0.167,"y":0.167},"t":139,"s":[0,-5.137],"to":[0,0],"ti":[0,0]},{"i":{"x":0.833,"y":0.833},"o":{"x":0.167,"y":0.167},"t":140,"s":[0,-5.137],"to":[0,0],"ti":[0,0]},{"i":{"x":0.833,"y":0.833},"o":{"x":0.167,"y":0.167},"t":141,"s":[0,-5.137],"to":[0,0],"ti":[0,0]},{"i":{"x":0.833,"y":0.833},"o":{"x":0.167,"y":0.167},"t":142,"s":[0,-5.137],"to":[0,0],"ti":[0,0]},{"i":{"x":0.833,"y":0.833},"o":{"x":0.167,"y":0.167},"t":143,"s":[0,-5.137],"to":[0,0],"ti":[0,0]},{"i":{"x":0.833,"y":0.833},"o":{"x":0.167,"y":0.167},"t":144,"s":[0,-5.137],"to":[0,0],"ti":[0,0]},{"i":{"x":0.833,"y":0.833},"o":{"x":0.167,"y":0.167},"t":145,"s":[0,-5.137],"to":[0,0],"ti":[0,0]},{"i":{"x":0.833,"y":0.833},"o":{"x":0.167,"y":0.167},"t":146,"s":[0,-5.137],"to":[0,0],"ti":[0,0]},{"i":{"x":0.833,"y":0.833},"o":{"x":0.167,"y":0.167},"t":147,"s":[0,-5.137],"to":[0,0],"ti":[0,0]},{"i":{"x":0.833,"y":0.833},"o":{"x":0.167,"y":0.167},"t":148,"s":[0,-5.137],"to":[0,0],"ti":[0,0]},{"i":{"x":0.833,"y":0.833},"o":{"x":0.167,"y":0.167},"t":149,"s":[0,-5.137],"to":[0,0],"ti":[0,0]},{"i":{"x":0.833,"y":0.833},"o":{"x":0.167,"y":0.167},"t":150,"s":[0,-5.137],"to":[0,0],"ti":[0,0]},{"i":{"x":0.833,"y":0.833},"o":{"x":0.167,"y":0.167},"t":151,"s":[0,-5.137],"to":[0,0],"ti":[0,0]},{"i":{"x":0.833,"y":0.833},"o":{"x":0.167,"y":0.167},"t":152,"s":[0,-5.137],"to":[0,0],"ti":[0,0]},{"i":{"x":0.833,"y":0.833},"o":{"x":0.167,"y":0.167},"t":153,"s":[0,-5.137],"to":[0,0],"ti":[0,0]},{"i":{"x":0.833,"y":0.833},"o":{"x":0.167,"y":0.167},"t":154,"s":[0,-5.137],"to":[0,0],"ti":[0,0]},{"i":{"x":0.833,"y":0.833},"o":{"x":0.167,"y":0.167},"t":155,"s":[0,-5.137],"to":[0,0],"ti":[0,0]},{"i":{"x":0.833,"y":0.833},"o":{"x":0.167,"y":0.167},"t":156,"s":[0,-5.137],"to":[0,0],"ti":[0,0]},{"i":{"x":0.833,"y":0.833},"o":{"x":0.167,"y":0.167},"t":157,"s":[0,-5.137],"to":[0,0],"ti":[0,0]},{"i":{"x":0.833,"y":0.833},"o":{"x":0.167,"y":0.167},"t":158,"s":[0,-5.137],"to":[0,0],"ti":[0,0]},{"i":{"x":0.833,"y":0.833},"o":{"x":0.167,"y":0.167},"t":159,"s":[0,-5.137],"to":[0,0],"ti":[0,0]},{"i":{"x":0.833,"y":0.833},"o":{"x":0.167,"y":0.167},"t":160,"s":[0,-5.137],"to":[0,0],"ti":[0,0]},{"i":{"x":0.833,"y":0.833},"o":{"x":0.167,"y":0.167},"t":161,"s":[0,-5.137],"to":[0,0],"ti":[0,0]},{"i":{"x":0.833,"y":0.833},"o":{"x":0.167,"y":0.167},"t":162,"s":[0,-5.137],"to":[0,0],"ti":[0,0]},{"i":{"x":0.833,"y":0.833},"o":{"x":0.167,"y":0.167},"t":163,"s":[0,-5.137],"to":[0,0],"ti":[0,0]},{"i":{"x":0.833,"y":0.833},"o":{"x":0.167,"y":0.167},"t":164,"s":[0,-5.137],"to":[0,0],"ti":[0,0]},{"i":{"x":0.833,"y":0.833},"o":{"x":0.167,"y":0.167},"t":165,"s":[0,-5.137],"to":[0,0],"ti":[0,0]},{"i":{"x":0.833,"y":0.833},"o":{"x":0.167,"y":0.167},"t":166,"s":[0,-5.137],"to":[0,0],"ti":[0,0]},{"i":{"x":0.833,"y":0.833},"o":{"x":0.167,"y":0.167},"t":167,"s":[0,-5.137],"to":[0,0],"ti":[0,0]},{"i":{"x":0.833,"y":0.833},"o":{"x":0.167,"y":0.167},"t":168,"s":[0,-5.137],"to":[0,0],"ti":[0,0]},{"i":{"x":0.833,"y":0.833},"o":{"x":0.167,"y":0.167},"t":169,"s":[0,-5.137],"to":[0,0],"ti":[0,0]},{"i":{"x":0.833,"y":0.833},"o":{"x":0.167,"y":0.167},"t":170,"s":[0,-5.137],"to":[0,0],"ti":[0,0]},{"i":{"x":0.833,"y":0.833},"o":{"x":0.167,"y":0.167},"t":171,"s":[0,-5.137],"to":[0,0],"ti":[0,0]},{"i":{"x":0.833,"y":0.833},"o":{"x":0.167,"y":0.167},"t":172,"s":[0,-5.137],"to":[0,0],"ti":[0,0]},{"i":{"x":0.833,"y":0.833},"o":{"x":0.167,"y":0.167},"t":173,"s":[0,-5.137],"to":[0,0],"ti":[0,0]},{"i":{"x":0.833,"y":0.833},"o":{"x":0.167,"y":0.167},"t":174,"s":[0,-5.137],"to":[0,0],"ti":[0,0]},{"i":{"x":0.833,"y":0.833},"o":{"x":0.167,"y":0.167},"t":175,"s":[0,-5.137],"to":[0,0],"ti":[0,0]},{"i":{"x":0.833,"y":0.833},"o":{"x":0.167,"y":0.167},"t":176,"s":[0,-5.137],"to":[0,0],"ti":[0,0]},{"i":{"x":0.833,"y":0.833},"o":{"x":0.167,"y":0.167},"t":177,"s":[0,-5.137],"to":[0,0],"ti":[0,0]},{"i":{"x":0.833,"y":0.833},"o":{"x":0.167,"y":0.167},"t":178,"s":[0,-5.137],"to":[0,0],"ti":[0,0]},{"i":{"x":0.833,"y":0.833},"o":{"x":0.167,"y":0.167},"t":179,"s":[0,-5.137],"to":[0,0],"ti":[0,0]},{"i":{"x":0.833,"y":0.833},"o":{"x":0.167,"y":0.167},"t":180,"s":[0,-5.137],"to":[0,0],"ti":[0,0]},{"i":{"x":0.833,"y":0.833},"o":{"x":0.167,"y":0.167},"t":181,"s":[0,-5.137],"to":[0,0],"ti":[0,0]},{"i":{"x":0.833,"y":0.833},"o":{"x":0.167,"y":0.167},"t":182,"s":[0,-5.137],"to":[0,0],"ti":[0,0]},{"i":{"x":0.833,"y":0.833},"o":{"x":0.167,"y":0.167},"t":183,"s":[0,-5.137],"to":[0,0],"ti":[0,0]},{"i":{"x":0.833,"y":0.833},"o":{"x":0.167,"y":0.167},"t":184,"s":[0,-5.137],"to":[0,0],"ti":[0,0]},{"i":{"x":0.833,"y":0.833},"o":{"x":0.167,"y":0.167},"t":185,"s":[0,-5.137],"to":[0,0],"ti":[0,0]},{"i":{"x":0.833,"y":0.833},"o":{"x":0.167,"y":0.167},"t":186,"s":[0,-5.137],"to":[0,0],"ti":[0,0]},{"i":{"x":0.833,"y":0.833},"o":{"x":0.167,"y":0.167},"t":187,"s":[0,-5.137],"to":[0,0],"ti":[0,0]},{"i":{"x":0.833,"y":0.833},"o":{"x":0.167,"y":0.167},"t":188,"s":[0,-5.137],"to":[0,0],"ti":[0,0]},{"i":{"x":0.833,"y":0.833},"o":{"x":0.167,"y":0.167},"t":189,"s":[0,-5.137],"to":[0,0],"ti":[0,0]},{"i":{"x":0.833,"y":0.833},"o":{"x":0.167,"y":0.167},"t":190,"s":[0,-5.137],"to":[0,0],"ti":[0,0]},{"i":{"x":0.833,"y":0.833},"o":{"x":0.167,"y":0.167},"t":191,"s":[0,-5.137],"to":[0,0],"ti":[0,0]},{"i":{"x":0.833,"y":0.833},"o":{"x":0.167,"y":0.167},"t":192,"s":[0,-5.137],"to":[0,0],"ti":[0,0]},{"i":{"x":0.833,"y":0.833},"o":{"x":0.167,"y":0.167},"t":193,"s":[0,-5.137],"to":[0,0],"ti":[0,0]},{"i":{"x":0.833,"y":0.833},"o":{"x":0.167,"y":0.167},"t":194,"s":[0,-5.137],"to":[0,0],"ti":[0,0]},{"i":{"x":0.833,"y":0.833},"o":{"x":0.167,"y":0.167},"t":195,"s":[0,-5.137],"to":[0,0],"ti":[0,0]},{"i":{"x":0.833,"y":0.833},"o":{"x":0.167,"y":0.167},"t":196,"s":[0,-5.137],"to":[0,0],"ti":[0,0]},{"i":{"x":0.833,"y":0.833},"o":{"x":0.167,"y":0.167},"t":197,"s":[0,-5.137],"to":[0,0],"ti":[0,0]},{"i":{"x":0.833,"y":0.833},"o":{"x":0.167,"y":0.167},"t":198,"s":[0,-5.137],"to":[0,0],"ti":[0,0]},{"i":{"x":0.833,"y":0.833},"o":{"x":0.167,"y":0.167},"t":199,"s":[0,-5.137],"to":[0,0],"ti":[0,0]},{"i":{"x":0.833,"y":0.833},"o":{"x":0.167,"y":0.167},"t":200,"s":[0,-5.137],"to":[0,0],"ti":[0,0]},{"i":{"x":0.833,"y":0.833},"o":{"x":0.167,"y":0.167},"t":201,"s":[0,-5.137],"to":[0,0],"ti":[0,0]},{"i":{"x":0.833,"y":0.833},"o":{"x":0.167,"y":0.167},"t":202,"s":[0,-5.137],"to":[0,0],"ti":[0,0]},{"i":{"x":0.833,"y":0.833},"o":{"x":0.167,"y":0.167},"t":203,"s":[0,-5.137],"to":[0,0],"ti":[0,0]},{"i":{"x":0.833,"y":0.833},"o":{"x":0.167,"y":0.167},"t":204,"s":[0,-5.137],"to":[0,0],"ti":[0,0]},{"i":{"x":0.833,"y":0.833},"o":{"x":0.167,"y":0.167},"t":205,"s":[0,-5.137],"to":[0,0],"ti":[0,0]},{"i":{"x":0.833,"y":0.833},"o":{"x":0.167,"y":0.167},"t":206,"s":[0,-5.137],"to":[0,0],"ti":[0,0]},{"i":{"x":0.833,"y":0.833},"o":{"x":0.167,"y":0.167},"t":207,"s":[0,-5.137],"to":[0,0],"ti":[0,0]},{"i":{"x":0.833,"y":0.833},"o":{"x":0.167,"y":0.167},"t":208,"s":[0,-5.137],"to":[0,0],"ti":[0,0]},{"i":{"x":0.833,"y":0.833},"o":{"x":0.167,"y":0.167},"t":209,"s":[0,-5.137],"to":[0,0],"ti":[0,0]},{"i":{"x":0.833,"y":0.833},"o":{"x":0.167,"y":0.167},"t":210,"s":[0,-5.137],"to":[0,0],"ti":[0,0]},{"i":{"x":0.833,"y":0.833},"o":{"x":0.167,"y":0.167},"t":211,"s":[0,-5.137],"to":[0,0],"ti":[0,0]},{"i":{"x":0.833,"y":0.833},"o":{"x":0.167,"y":0.167},"t":212,"s":[0,-5.137],"to":[0,0],"ti":[0,0]},{"i":{"x":0.833,"y":0.833},"o":{"x":0.167,"y":0.167},"t":213,"s":[0,-5.137],"to":[0,0],"ti":[0,0]},{"i":{"x":0.833,"y":0.833},"o":{"x":0.167,"y":0.167},"t":214,"s":[0,-5.137],"to":[0,0],"ti":[0,0]},{"i":{"x":0.833,"y":0.833},"o":{"x":0.167,"y":0.167},"t":215,"s":[0,-5.137],"to":[0,0],"ti":[0,0]},{"i":{"x":0.833,"y":0.833},"o":{"x":0.167,"y":0.167},"t":216,"s":[0,-5.137],"to":[0,0],"ti":[0,0]},{"i":{"x":0.833,"y":0.833},"o":{"x":0.167,"y":0.167},"t":217,"s":[0,-5.137],"to":[0,0],"ti":[0,0]},{"i":{"x":0.833,"y":0.833},"o":{"x":0.167,"y":0.167},"t":218,"s":[0,-5.137],"to":[0,0],"ti":[0,0]},{"i":{"x":0.833,"y":0.833},"o":{"x":0.167,"y":0.167},"t":219,"s":[0,-5.137],"to":[0,0],"ti":[0,0]},{"i":{"x":0.833,"y":0.833},"o":{"x":0.167,"y":0.167},"t":220,"s":[0,-5.137],"to":[0,0],"ti":[0,0]},{"i":{"x":0.833,"y":0.833},"o":{"x":0.167,"y":0.167},"t":221,"s":[0,-5.137],"to":[0,0],"ti":[0,0]},{"i":{"x":0.833,"y":0.833},"o":{"x":0.167,"y":0.167},"t":222,"s":[0,-5.137],"to":[0,0],"ti":[0,0]},{"i":{"x":0.833,"y":0.833},"o":{"x":0.167,"y":0.167},"t":223,"s":[0,-5.137],"to":[0,0],"ti":[0,0]},{"i":{"x":0.833,"y":0.833},"o":{"x":0.167,"y":0.167},"t":224,"s":[0,-5.137],"to":[0,0],"ti":[0,0]},{"i":{"x":0.833,"y":0.833},"o":{"x":0.167,"y":0.167},"t":225,"s":[0,-5.137],"to":[0,0],"ti":[0,0]},{"i":{"x":0.833,"y":0.833},"o":{"x":0.167,"y":0.167},"t":226,"s":[0,-5.137],"to":[0,0],"ti":[0,0]},{"i":{"x":0.833,"y":0.833},"o":{"x":0.167,"y":0.167},"t":227,"s":[0,-5.137],"to":[0,0],"ti":[0,0]},{"i":{"x":0.833,"y":0.833},"o":{"x":0.167,"y":0.167},"t":228,"s":[0,-5.137],"to":[0,0],"ti":[0,0]},{"i":{"x":0.833,"y":0.833},"o":{"x":0.167,"y":0.167},"t":229,"s":[0,-5.137],"to":[0,0],"ti":[0,0]},{"i":{"x":0.833,"y":0.833},"o":{"x":0.167,"y":0.167},"t":230,"s":[0,-5.137],"to":[0,0],"ti":[0,0]},{"i":{"x":0.833,"y":0.833},"o":{"x":0.167,"y":0.167},"t":231,"s":[0,-5.137],"to":[0,0],"ti":[0,0]},{"i":{"x":0.833,"y":0.833},"o":{"x":0.167,"y":0.167},"t":232,"s":[0,-5.137],"to":[0,0],"ti":[0,0]},{"i":{"x":0.833,"y":0.833},"o":{"x":0.167,"y":0.167},"t":233,"s":[0,-5.137],"to":[0,0],"ti":[0,0]},{"i":{"x":0.833,"y":0.833},"o":{"x":0.167,"y":0.167},"t":234,"s":[0,-5.137],"to":[0,0],"ti":[0,0]},{"i":{"x":0.833,"y":0.833},"o":{"x":0.167,"y":0.167},"t":235,"s":[0,-5.137],"to":[0,0],"ti":[0,0]},{"i":{"x":0.833,"y":0.833},"o":{"x":0.167,"y":0.167},"t":236,"s":[0,-5.137],"to":[0,0],"ti":[0,0]},{"i":{"x":0.833,"y":0.833},"o":{"x":0.167,"y":0.167},"t":237,"s":[0,-5.137],"to":[0,0],"ti":[0,0]},{"i":{"x":0.833,"y":0.833},"o":{"x":0.167,"y":0.167},"t":238,"s":[0,-5.137],"to":[0,0],"ti":[0,0]},{"i":{"x":0.833,"y":0.833},"o":{"x":0.167,"y":0.167},"t":239,"s":[0,-5.137],"to":[0,0],"ti":[0,0]},{"i":{"x":0.833,"y":0.833},"o":{"x":0.167,"y":0.167},"t":240,"s":[0,-5.137],"to":[0,0],"ti":[0,0]},{"i":{"x":0.833,"y":0.833},"o":{"x":0.167,"y":0.167},"t":241,"s":[0,-5.137],"to":[0,0],"ti":[0,0]},{"i":{"x":0.833,"y":0.833},"o":{"x":0.167,"y":0.167},"t":242,"s":[0,-5.137],"to":[0,0],"ti":[0,0]},{"i":{"x":0.833,"y":0.833},"o":{"x":0.167,"y":0.167},"t":243,"s":[0,-5.137],"to":[0,0],"ti":[0,0]},{"i":{"x":0.833,"y":0.833},"o":{"x":0.167,"y":0.167},"t":244,"s":[0,-5.137],"to":[0,0],"ti":[0,0]},{"i":{"x":0.833,"y":0.833},"o":{"x":0.167,"y":0.167},"t":245,"s":[0,-5.137],"to":[0,0],"ti":[0,0]},{"i":{"x":0.833,"y":0.833},"o":{"x":0.167,"y":0.167},"t":246,"s":[0,-5.137],"to":[0,0],"ti":[0,0]},{"i":{"x":0.833,"y":0.833},"o":{"x":0.167,"y":0.167},"t":247,"s":[0,-5.137],"to":[0,0],"ti":[0,0]},{"i":{"x":0.833,"y":0.833},"o":{"x":0.167,"y":0.167},"t":248,"s":[0,-5.137],"to":[0,0],"ti":[0,0]},{"i":{"x":0.833,"y":0.833},"o":{"x":0.167,"y":0.167},"t":249,"s":[0,-5.137],"to":[0,0],"ti":[0,0]},{"i":{"x":0.833,"y":0.833},"o":{"x":0.167,"y":0.167},"t":250,"s":[0,-5.137],"to":[0,0],"ti":[0,0]},{"i":{"x":0.833,"y":0.833},"o":{"x":0.167,"y":0.167},"t":251,"s":[0,-5.137],"to":[0,0],"ti":[0,0]},{"i":{"x":0.833,"y":0.833},"o":{"x":0.167,"y":0.167},"t":252,"s":[0,-5.137],"to":[0,0],"ti":[0,0]},{"i":{"x":0.833,"y":0.833},"o":{"x":0.167,"y":0.167},"t":253,"s":[0,-5.137],"to":[0,0],"ti":[0,0]},{"i":{"x":0.833,"y":0.833},"o":{"x":0.167,"y":0.167},"t":254,"s":[0,-5.137],"to":[0,0],"ti":[0,0]},{"i":{"x":0.833,"y":0.833},"o":{"x":0.167,"y":0.167},"t":255,"s":[0,-5.137],"to":[0,0],"ti":[0,0]},{"i":{"x":0.833,"y":0.833},"o":{"x":0.167,"y":0.167},"t":256,"s":[0,-5.137],"to":[0,0],"ti":[0,0]},{"i":{"x":0.833,"y":0.833},"o":{"x":0.167,"y":0.167},"t":257,"s":[0,-5.137],"to":[0,0],"ti":[0,0]},{"i":{"x":0.833,"y":0.833},"o":{"x":0.167,"y":0.167},"t":258,"s":[0,-5.137],"to":[0,0],"ti":[0,0]},{"i":{"x":0.833,"y":0.833},"o":{"x":0.167,"y":0.167},"t":259,"s":[0,-5.137],"to":[0,0],"ti":[0,0]},{"i":{"x":0.833,"y":0.833},"o":{"x":0.167,"y":0.167},"t":260,"s":[0,-5.137],"to":[0,0],"ti":[0,0]},{"i":{"x":0.833,"y":0.833},"o":{"x":0.167,"y":0.167},"t":261,"s":[0,-5.137],"to":[0,0],"ti":[0,0]},{"i":{"x":0.833,"y":0.833},"o":{"x":0.167,"y":0.167},"t":262,"s":[0,-5.137],"to":[0,0],"ti":[0,0]},{"i":{"x":0.833,"y":0.833},"o":{"x":0.167,"y":0.167},"t":263,"s":[0,-5.137],"to":[0,0],"ti":[0,0]},{"i":{"x":0.833,"y":0.833},"o":{"x":0.167,"y":0.167},"t":264,"s":[0,-5.137],"to":[0,0],"ti":[0,0]},{"i":{"x":0.833,"y":0.833},"o":{"x":0.167,"y":0.167},"t":265,"s":[0,-5.137],"to":[0,0],"ti":[0,0]},{"i":{"x":0.833,"y":0.833},"o":{"x":0.167,"y":0.167},"t":266,"s":[0,-5.137],"to":[0,0],"ti":[0,0]},{"i":{"x":0.833,"y":0.833},"o":{"x":0.167,"y":0.167},"t":267,"s":[0,-5.137],"to":[0,0],"ti":[0,0]},{"i":{"x":0.833,"y":0.833},"o":{"x":0.167,"y":0.167},"t":268,"s":[0,-5.137],"to":[0,0],"ti":[0,0]},{"i":{"x":0.833,"y":0.833},"o":{"x":0.167,"y":0.167},"t":269,"s":[0,-5.137],"to":[0,0],"ti":[0,0]},{"i":{"x":0.833,"y":0.833},"o":{"x":0.167,"y":0.167},"t":270,"s":[0,-5.137],"to":[0,0],"ti":[0,0]},{"i":{"x":0.833,"y":0.833},"o":{"x":0.167,"y":0.167},"t":271,"s":[0,-5.137],"to":[0,0],"ti":[0,0]},{"i":{"x":0.833,"y":0.833},"o":{"x":0.167,"y":0.167},"t":272,"s":[0,-5.137],"to":[0,0],"ti":[0,0]},{"i":{"x":0.833,"y":0.833},"o":{"x":0.167,"y":0.167},"t":273,"s":[0,-5.137],"to":[0,0],"ti":[0,0]},{"i":{"x":0.833,"y":0.833},"o":{"x":0.167,"y":0.167},"t":274,"s":[0,-5.137],"to":[0,0],"ti":[0,0]},{"i":{"x":0.833,"y":0.833},"o":{"x":0.167,"y":0.167},"t":275,"s":[0,-5.137],"to":[0,0],"ti":[0,0]},{"i":{"x":0.833,"y":0.833},"o":{"x":0.167,"y":0.167},"t":276,"s":[0,-5.137],"to":[0,0],"ti":[0,0]},{"i":{"x":0.833,"y":0.833},"o":{"x":0.167,"y":0.167},"t":277,"s":[0,-5.137],"to":[0,0],"ti":[0,0]},{"i":{"x":0.833,"y":0.833},"o":{"x":0.167,"y":0.167},"t":278,"s":[0,-5.137],"to":[0,0],"ti":[0,0]},{"i":{"x":0.833,"y":0.833},"o":{"x":0.167,"y":0.167},"t":279,"s":[0,-5.137],"to":[0,0],"ti":[0,0]},{"i":{"x":0.833,"y":0.833},"o":{"x":0.167,"y":0.167},"t":280,"s":[0,-5.137],"to":[0,0],"ti":[0,0]},{"i":{"x":0.833,"y":0.833},"o":{"x":0.167,"y":0.167},"t":281,"s":[0,-5.137],"to":[0,0],"ti":[0,0]},{"i":{"x":0.833,"y":0.833},"o":{"x":0.167,"y":0.167},"t":282,"s":[0,-5.137],"to":[0,0],"ti":[0,0]},{"i":{"x":0.833,"y":0.833},"o":{"x":0.167,"y":0.167},"t":283,"s":[0,-5.137],"to":[0,0],"ti":[0,0]},{"i":{"x":0.833,"y":0.833},"o":{"x":0.167,"y":0.167},"t":284,"s":[0,-5.137],"to":[0,0],"ti":[0,0]},{"i":{"x":0.833,"y":0.833},"o":{"x":0.167,"y":0.167},"t":285,"s":[0,-5.137],"to":[0,0],"ti":[0,0]},{"i":{"x":0.833,"y":0.833},"o":{"x":0.167,"y":0.167},"t":286,"s":[0,-5.137],"to":[0,0],"ti":[0,0]},{"i":{"x":0.833,"y":0.833},"o":{"x":0.167,"y":0.167},"t":287,"s":[0,-5.137],"to":[0,0],"ti":[0,0]},{"i":{"x":0.833,"y":0.833},"o":{"x":0.167,"y":0.167},"t":288,"s":[0,-5.137],"to":[0,0],"ti":[0,0]},{"i":{"x":0.833,"y":0.833},"o":{"x":0.167,"y":0.167},"t":289,"s":[0,-5.137],"to":[0,0],"ti":[0,0]},{"i":{"x":0.833,"y":0.833},"o":{"x":0.167,"y":0.167},"t":290,"s":[0,-5.137],"to":[0,0],"ti":[0,0]},{"i":{"x":0.833,"y":0.833},"o":{"x":0.167,"y":0.167},"t":291,"s":[0,-5.137],"to":[0,0],"ti":[0,0]},{"i":{"x":0.833,"y":0.833},"o":{"x":0.167,"y":0.167},"t":292,"s":[0,-5.137],"to":[0,0],"ti":[0,0]},{"i":{"x":0.833,"y":0.833},"o":{"x":0.167,"y":0.167},"t":293,"s":[0,-5.137],"to":[0,0],"ti":[0,0]},{"i":{"x":0.833,"y":0.833},"o":{"x":0.167,"y":0.167},"t":294,"s":[0,-5.137],"to":[0,0],"ti":[0,0]},{"i":{"x":0.833,"y":0.833},"o":{"x":0.167,"y":0.167},"t":295,"s":[0,-5.137],"to":[0,0],"ti":[0,0]},{"i":{"x":0.833,"y":0.833},"o":{"x":0.167,"y":0.167},"t":296,"s":[0,-5.137],"to":[0,0],"ti":[0,0]},{"i":{"x":0.833,"y":0.833},"o":{"x":0.167,"y":0.167},"t":297,"s":[0,-5.137],"to":[0,0],"ti":[0,0]},{"i":{"x":0.833,"y":0.833},"o":{"x":0.167,"y":0.167},"t":298,"s":[0,-5.137],"to":[0,0],"ti":[0,0]},{"i":{"x":0.833,"y":0.833},"o":{"x":0.167,"y":0.167},"t":299,"s":[0,-5.137],"to":[0,0],"ti":[0,0]},{"i":{"x":0.833,"y":0.833},"o":{"x":0.167,"y":0.167},"t":300,"s":[0,-5.137],"to":[0,0],"ti":[0,0]},{"i":{"x":0.833,"y":0.833},"o":{"x":0.167,"y":0.167},"t":301,"s":[0,-5.137],"to":[0,0],"ti":[0,0]},{"i":{"x":0.833,"y":0.833},"o":{"x":0.167,"y":0.167},"t":302,"s":[0,-5.137],"to":[0,0],"ti":[0,0]},{"i":{"x":0.833,"y":0.833},"o":{"x":0.167,"y":0.167},"t":303,"s":[0,-5.137],"to":[0,0],"ti":[0,0]},{"i":{"x":0.833,"y":0.833},"o":{"x":0.167,"y":0.167},"t":304,"s":[0,-5.137],"to":[0,0],"ti":[0,0]},{"i":{"x":0.833,"y":0.833},"o":{"x":0.167,"y":0.167},"t":305,"s":[0,-5.137],"to":[0,0],"ti":[0,0]},{"i":{"x":0.833,"y":0.833},"o":{"x":0.167,"y":0.167},"t":306,"s":[0,-5.137],"to":[0,0],"ti":[0,0]},{"i":{"x":0.833,"y":0.833},"o":{"x":0.167,"y":0.167},"t":307,"s":[0,-5.137],"to":[0,0],"ti":[0,0]},{"i":{"x":0.833,"y":0.833},"o":{"x":0.167,"y":0.167},"t":308,"s":[0,-5.137],"to":[0,0],"ti":[0,0]},{"i":{"x":0.833,"y":0.833},"o":{"x":0.167,"y":0.167},"t":309,"s":[0,-5.137],"to":[0,0],"ti":[0,0]},{"i":{"x":0.833,"y":0.833},"o":{"x":0.167,"y":0.167},"t":310,"s":[0,-5.137],"to":[0,0],"ti":[0,0]},{"i":{"x":0.833,"y":0.833},"o":{"x":0.167,"y":0.167},"t":311,"s":[0,-5.137],"to":[0,0],"ti":[0,0]},{"i":{"x":0.833,"y":0.833},"o":{"x":0.167,"y":0.167},"t":312,"s":[0,-5.137],"to":[0,0],"ti":[0,0]},{"i":{"x":0.833,"y":0.833},"o":{"x":0.167,"y":0.167},"t":313,"s":[0,-5.137],"to":[0,0],"ti":[0,0]},{"i":{"x":0.833,"y":0.833},"o":{"x":0.167,"y":0.167},"t":314,"s":[0,-5.137],"to":[0,0],"ti":[0,0]},{"i":{"x":0.833,"y":0.833},"o":{"x":0.167,"y":0.167},"t":315,"s":[0,-5.137],"to":[0,0],"ti":[0,0]},{"i":{"x":0.833,"y":0.833},"o":{"x":0.167,"y":0.167},"t":316,"s":[0,-5.137],"to":[0,0],"ti":[0,0]},{"i":{"x":0.833,"y":0.833},"o":{"x":0.167,"y":0.167},"t":317,"s":[0,-5.137],"to":[0,0],"ti":[0,0]},{"i":{"x":0.833,"y":0.833},"o":{"x":0.167,"y":0.167},"t":318,"s":[0,-5.137],"to":[0,0],"ti":[0,0]},{"i":{"x":0.833,"y":0.833},"o":{"x":0.167,"y":0.167},"t":319,"s":[0,-5.137],"to":[0,0],"ti":[0,0]},{"i":{"x":0.833,"y":0.833},"o":{"x":0.167,"y":0.167},"t":320,"s":[0,-5.137],"to":[0,0],"ti":[0,0]},{"i":{"x":0.833,"y":0.833},"o":{"x":0.167,"y":0.167},"t":321,"s":[0,-5.137],"to":[0,0],"ti":[0,0]},{"i":{"x":0.833,"y":0.833},"o":{"x":0.167,"y":0.167},"t":322,"s":[0,-5.137],"to":[0,0],"ti":[0,0]},{"i":{"x":0.833,"y":0.833},"o":{"x":0.167,"y":0.167},"t":323,"s":[0,-5.137],"to":[0,0],"ti":[0,0]},{"i":{"x":0.833,"y":0.833},"o":{"x":0.167,"y":0.167},"t":324,"s":[0,-5.137],"to":[0,0],"ti":[0,0]},{"i":{"x":0.833,"y":0.833},"o":{"x":0.167,"y":0.167},"t":325,"s":[0,-5.137],"to":[0,0],"ti":[0,0]},{"i":{"x":0.833,"y":0.833},"o":{"x":0.167,"y":0.167},"t":326,"s":[0,-5.137],"to":[0,0],"ti":[0,0]},{"i":{"x":0.833,"y":0.833},"o":{"x":0.167,"y":0.167},"t":327,"s":[0,-5.137],"to":[0,0],"ti":[0,0]},{"i":{"x":0.833,"y":0.833},"o":{"x":0.167,"y":0.167},"t":328,"s":[0,-5.137],"to":[0,0],"ti":[0,0]},{"i":{"x":0.833,"y":0.833},"o":{"x":0.167,"y":0.167},"t":329,"s":[0,-5.137],"to":[0,0],"ti":[0,0]},{"i":{"x":0.833,"y":0.833},"o":{"x":0.167,"y":0.167},"t":330,"s":[0,-5.137],"to":[0,0],"ti":[0,0]},{"i":{"x":0.833,"y":0.833},"o":{"x":0.167,"y":0.167},"t":331,"s":[0,-5.137],"to":[0,0],"ti":[0,0]},{"i":{"x":0.833,"y":0.833},"o":{"x":0.167,"y":0.167},"t":332,"s":[0,-5.137],"to":[0,0],"ti":[0,0]},{"i":{"x":0.833,"y":0.833},"o":{"x":0.167,"y":0.167},"t":333,"s":[0,-5.137],"to":[0,0],"ti":[0,0]},{"i":{"x":0.833,"y":0.833},"o":{"x":0.167,"y":0.167},"t":334,"s":[0,-5.137],"to":[0,0],"ti":[0,0]},{"i":{"x":0.833,"y":0.833},"o":{"x":0.167,"y":0.167},"t":335,"s":[0,-5.137],"to":[0,0],"ti":[0,0]},{"i":{"x":0.833,"y":0.833},"o":{"x":0.167,"y":0.167},"t":336,"s":[0,-5.137],"to":[0,0],"ti":[0,0]},{"i":{"x":0.833,"y":0.833},"o":{"x":0.167,"y":0.167},"t":337,"s":[0,-5.137],"to":[0,0],"ti":[0,0]},{"i":{"x":0.833,"y":0.833},"o":{"x":0.167,"y":0.167},"t":338,"s":[0,-5.137],"to":[0,0],"ti":[0,0]},{"i":{"x":0.833,"y":0.833},"o":{"x":0.167,"y":0.167},"t":339,"s":[0,-5.137],"to":[0,0],"ti":[0,0]},{"i":{"x":0.833,"y":0.833},"o":{"x":0.167,"y":0.167},"t":340,"s":[0,-5.137],"to":[0,0],"ti":[0,0]},{"i":{"x":0.833,"y":0.833},"o":{"x":0.167,"y":0.167},"t":341,"s":[0,-5.137],"to":[0,0],"ti":[0,0]},{"i":{"x":0.833,"y":0.833},"o":{"x":0.167,"y":0.167},"t":342,"s":[0,-5.137],"to":[0,0],"ti":[0,0]},{"i":{"x":0.833,"y":0.833},"o":{"x":0.167,"y":0.167},"t":343,"s":[0,-5.137],"to":[0,0],"ti":[0,0]},{"i":{"x":0.833,"y":0.833},"o":{"x":0.167,"y":0.167},"t":344,"s":[0,-5.137],"to":[0,0],"ti":[0,0]},{"i":{"x":0.833,"y":0.833},"o":{"x":0.167,"y":0.167},"t":345,"s":[0,-5.137],"to":[0,0],"ti":[0,0]},{"i":{"x":0.833,"y":0.833},"o":{"x":0.167,"y":0.167},"t":346,"s":[0,-5.137],"to":[0,0],"ti":[0,0]},{"i":{"x":0.833,"y":0.833},"o":{"x":0.167,"y":0.167},"t":347,"s":[0,-5.137],"to":[0,0],"ti":[0,0]},{"i":{"x":0.833,"y":0.833},"o":{"x":0.167,"y":0.167},"t":348,"s":[0,-5.137],"to":[0,0],"ti":[0,0]},{"i":{"x":0.833,"y":0.833},"o":{"x":0.167,"y":0.167},"t":349,"s":[0,-5.137],"to":[0,0],"ti":[0,0]},{"i":{"x":0.833,"y":0.833},"o":{"x":0.167,"y":0.167},"t":350,"s":[0,-5.137],"to":[0,0],"ti":[0,0]},{"i":{"x":0.833,"y":0.833},"o":{"x":0.167,"y":0.167},"t":351,"s":[0,-5.137],"to":[0,0],"ti":[0,0]},{"i":{"x":0.833,"y":0.833},"o":{"x":0.167,"y":0.167},"t":352,"s":[0,-5.137],"to":[0,0],"ti":[0,0]},{"i":{"x":0.833,"y":0.833},"o":{"x":0.167,"y":0.167},"t":353,"s":[0,-5.137],"to":[0,0],"ti":[0,0]},{"i":{"x":0.833,"y":0.833},"o":{"x":0.167,"y":0.167},"t":354,"s":[0,-5.137],"to":[0,0],"ti":[0,0]},{"i":{"x":0.833,"y":0.833},"o":{"x":0.167,"y":0.167},"t":355,"s":[0,-5.137],"to":[0,0],"ti":[0,0]},{"i":{"x":0.833,"y":0.833},"o":{"x":0.167,"y":0.167},"t":356,"s":[0,-5.137],"to":[0,0],"ti":[0,0]},{"i":{"x":0.833,"y":0.833},"o":{"x":0.167,"y":0.167},"t":357,"s":[0,-5.137],"to":[0,0],"ti":[0,0]},{"i":{"x":0.833,"y":0.833},"o":{"x":0.167,"y":0.167},"t":358,"s":[0,-5.137],"to":[0,0],"ti":[0,0]},{"t":359,"s":[0,-5.137]}],"ix":2},"a":{"a":0,"k":[0,0],"ix":1},"s":{"a":0,"k":[100,100],"ix":3},"r":{"a":0,"k":0,"ix":6},"o":{"a":0,"k":100,"ix":7},"sk":{"a":0,"k":0,"ix":4},"sa":{"a":0,"k":0,"ix":5},"nm":"变换"}],"nm":"椭圆形","np":2,"cix":2,"bm":0,"ix":1,"mn":"ADBE Vector Group","hd":false},{"ty":"gr","it":[{"ind":0,"ty":"sh","ix":1,"ks":{"a":1,"k":[{"i":{"x":0.667,"y":1},"o":{"x":0.333,"y":0},"t":0,"s":[{"i":[[0.482,0.332],[34.031,0],[26.26,-18.093]],"o":[[-26.263,-18.098],[-34.025,0],[-0.316,0.218]],"v":[[86.489,95.9],[-5.427,67.241],[-97.331,95.892]],"c":false}]},{"i":{"x":0.667,"y":1},"o":{"x":0.333,"y":0},"t":7,"s":[{"i":[[0.354,-0.32],[34.031,0],[19.662,18.621]],"o":[[-19.28,17.427],[-34.025,0],[-0.236,-0.224]],"v":[[92.394,95.618],[-5.354,127.741],[-104.078,94.971]],"c":false}]},{"t":13,"s":[{"i":[[0.493,0.339],[34.017,0],[26.256,-18.084]],"o":[[-26.257,-18.085],[-34.017,0],[-0.323,0.222]],"v":[[86.458,95.879],[-5.427,67.241],[-97.311,95.878]],"c":false}]}],"ix":2},"nm":"路径 1","mn":"ADBE Vector Shape - Group","hd":false},{"ty":"st","c":{"a":0,"k":[0,0,0,1],"ix":3},"o":{"a":0,"k":100,"ix":4},"w":{"a":1,"k":[{"i":{"x":[0.833],"y":[0.833]},"o":{"x":[0.167],"y":[0.167]},"t":0,"s":[20.69]},{"t":13,"s":[19]}],"ix":5},"lc":1,"lj":1,"ml":4,"bm":0,"nm":"描边 1","mn":"ADBE Vector Graphic - Stroke","hd":false},{"ty":"tr","p":{"a":0,"k":[0,0],"ix":2},"a":{"a":0,"k":[0,0],"ix":1},"s":{"a":0,"k":[100,100],"ix":3},"r":{"a":0,"k":0,"ix":6},"o":{"a":0,"k":100,"ix":7},"sk":{"a":0,"k":0,"ix":4},"sa":{"a":0,"k":0,"ix":5},"nm":"变换"}],"nm":"路径","np":2,"cix":2,"bm":0,"ix":2,"mn":"ADBE Vector Group","hd":false},{"ty":"tm","s":{"a":1,"k":[{"i":{"x":[0.833],"y":[0.833]},"o":{"x":[0.167],"y":[0.167]},"t":0,"s":[0]},{"t":11.142578125,"s":[100]}],"ix":1},"e":{"a":0,"k":100,"ix":2},"o":{"a":0,"k":0,"ix":3},"m":1,"ix":3,"nm":"修剪路径 1","mn":"ADBE Vector Filter - Trim","hd":false},{"ty":"tr","p":{"a":0,"k":[0,0],"ix":2},"a":{"a":0,"k":[0,0],"ix":1},"s":{"a":0,"k":[100,100],"ix":3},"r":{"a":0,"k":0,"ix":6},"o":{"a":0,"k":100,"ix":7},"sk":{"a":0,"k":0,"ix":4},"sa":{"a":0,"k":0,"ix":5},"nm":"变换"}],"nm":"编组","np":3,"cix":2,"bm":0,"ix":1,"mn":"ADBE Vector Group","hd":false}],"ip":0,"op":360,"st":0,"bm":0}],"markers":[]}