{"v":"5.7.8","fr":60,"ip":0,"op":88,"w":300,"h":300,"nm":"最新的联系人","ddd":0,"assets":[],"layers":[{"ddd":0,"ind":1,"ty":4,"nm":"形状图层 1","sr":1,"ks":{"o":{"a":0,"k":100,"ix":11},"r":{"a":0,"k":0,"ix":10},"p":{"a":0,"k":[150,150,0],"ix":2,"l":2},"a":{"a":0,"k":[0,0,0],"ix":1,"l":2},"s":{"a":0,"k":[100,100,100],"ix":6,"l":2}},"ao":0,"shapes":[],"ip":0,"op":360,"st":0,"bm":0},{"ddd":0,"ind":2,"ty":4,"nm":"编组 2","sr":1,"ks":{"o":{"a":0,"k":100,"ix":11},"r":{"a":0,"k":0,"ix":10},"p":{"a":0,"k":[136.475,152.598,0],"ix":2,"l":2},"a":{"a":0,"k":[0.474,2.598,0],"ix":1,"l":2},"s":{"a":0,"k":[100,100,100],"ix":6,"l":2}},"ao":0,"shapes":[{"ty":"gr","it":[{"ind":0,"ty":"sh","ix":1,"ks":{"a":0,"k":{"i":[[-31.423,0],[0,-31.423],[31.423,0],[0,31.423]],"o":[[31.423,0],[0,31.423],[-31.423,0],[0,-31.423]],"v":[[7,-93.103],[63.897,-36.207],[7,20.69],[-49.897,-36.207]],"c":true},"ix":2},"nm":"路径 1","mn":"ADBE Vector Shape - Group","hd":false},{"ty":"st","c":{"a":0,"k":[0.098039217293,0.286274522543,0.490196079016,1],"ix":3},"o":{"a":0,"k":100,"ix":4},"w":{"a":0,"k":20.69,"ix":5},"lc":3,"lj":1,"ml":4,"bm":0,"nm":"描边 1","mn":"ADBE Vector Graphic - Stroke","hd":false},{"ty":"tr","p":{"a":1,"k":[{"i":{"x":0.833,"y":0.833},"o":{"x":0.167,"y":0.167},"t":0,"s":[0,-5.137],"to":[0,0.378],"ti":[0,-1.388]},{"i":{"x":0.833,"y":0.833},"o":{"x":0.167,"y":0.167},"t":1,"s":[0,-2.871],"to":[0,1.388],"ti":[0,-2.474]},{"i":{"x":0.833,"y":0.833},"o":{"x":0.167,"y":0.167},"t":2,"s":[0,3.194],"to":[0,2.474],"ti":[0,-3.201]},{"i":{"x":0.833,"y":0.833},"o":{"x":0.167,"y":0.167},"t":3,"s":[0,11.974],"to":[0,3.201],"ti":[0,-3.561]},{"i":{"x":0.833,"y":0.833},"o":{"x":0.167,"y":0.167},"t":4,"s":[0,22.397],"to":[0,3.561],"ti":[0,-3.559]},{"i":{"x":0.833,"y":0.833},"o":{"x":0.167,"y":0.167},"t":5,"s":[0,33.34],"to":[0,3.559],"ti":[0,-3.199]},{"i":{"x":0.833,"y":0.833},"o":{"x":0.167,"y":0.167},"t":6,"s":[0,43.752],"to":[0,3.199],"ti":[0,-2.474]},{"i":{"x":0.833,"y":0.833},"o":{"x":0.167,"y":0.167},"t":7,"s":[0,52.533],"to":[0,2.474],"ti":[0,-1.388]},{"i":{"x":0.833,"y":0.833},"o":{"x":0.167,"y":0.167},"t":8,"s":[0,58.597],"to":[0,1.388],"ti":[0,-1.795]},{"i":{"x":0.833,"y":0.833},"o":{"x":0.167,"y":0.167},"t":9,"s":[0,60.863],"to":[0,1.795],"ti":[0,-2]},{"i":{"x":0.833,"y":0.833},"o":{"x":0.167,"y":0.167},"t":10,"s":[0,69.367],"to":[0,2],"ti":[0,-0.442]},{"i":{"x":0.833,"y":0.833},"o":{"x":0.167,"y":0.167},"t":11,"s":[0,72.864],"to":[0,0.442],"ti":[0,0.878]},{"i":{"x":0.833,"y":0.833},"o":{"x":0.167,"y":0.167},"t":12,"s":[0,72.019],"to":[0,-0.878],"ti":[0,1.935]},{"i":{"x":0.833,"y":0.833},"o":{"x":0.167,"y":0.167},"t":13,"s":[0,67.594],"to":[0,-1.935],"ti":[0,2.713]},{"i":{"x":0.833,"y":0.833},"o":{"x":0.167,"y":0.167},"t":14,"s":[0,60.407],"to":[0,-2.713],"ti":[0,3.208]},{"i":{"x":0.833,"y":0.833},"o":{"x":0.167,"y":0.167},"t":15,"s":[0,51.314],"to":[0,-3.208],"ti":[0,3.423]},{"i":{"x":0.833,"y":0.833},"o":{"x":0.167,"y":0.167},"t":16,"s":[0,41.156],"to":[0,-3.423],"ti":[0,3.358]},{"i":{"x":0.833,"y":0.833},"o":{"x":0.167,"y":0.167},"t":17,"s":[0,30.777],"to":[0,-3.358],"ti":[0,3.026]},{"i":{"x":0.833,"y":0.833},"o":{"x":0.167,"y":0.167},"t":18,"s":[0,21.006],"to":[0,-3.026],"ti":[0,2.443]},{"i":{"x":0.833,"y":0.833},"o":{"x":0.167,"y":0.167},"t":19,"s":[0,12.622],"to":[0,-2.443],"ti":[0,3.438]},{"i":{"x":0.833,"y":0.833},"o":{"x":0.167,"y":0.167},"t":20,"s":[0,6.346],"to":[0,-3.438],"ti":[0,3.315]},{"i":{"x":0.833,"y":0.833},"o":{"x":0.167,"y":0.167},"t":21,"s":[0,-8.005],"to":[0,-3.315],"ti":[0,1.582]},{"i":{"x":0.833,"y":0.833},"o":{"x":0.167,"y":0.167},"t":22,"s":[0,-13.542],"to":[0,-1.582],"ti":[0,1.076]},{"i":{"x":0.833,"y":0.833},"o":{"x":0.167,"y":0.167},"t":23,"s":[0,-17.498],"to":[0,-1.076],"ti":[0,0.621]},{"i":{"x":0.833,"y":0.833},"o":{"x":0.167,"y":0.167},"t":24,"s":[0,-19.999],"to":[0,-0.621],"ti":[0,0.228]},{"i":{"x":0.833,"y":0.833},"o":{"x":0.167,"y":0.167},"t":25,"s":[0,-21.222],"to":[0,-0.228],"ti":[0,-0.094]},{"i":{"x":0.833,"y":0.833},"o":{"x":0.167,"y":0.167},"t":26,"s":[0,-21.37],"to":[0,0.094],"ti":[0,-0.344]},{"i":{"x":0.833,"y":0.833},"o":{"x":0.167,"y":0.167},"t":27,"s":[0,-20.659],"to":[0,0.344],"ti":[0,-0.525]},{"i":{"x":0.833,"y":0.833},"o":{"x":0.167,"y":0.167},"t":28,"s":[0,-19.304],"to":[0,0.525],"ti":[0,-0.642]},{"i":{"x":0.833,"y":0.833},"o":{"x":0.167,"y":0.167},"t":29,"s":[0,-17.508],"to":[0,0.642],"ti":[0,-0.701]},{"i":{"x":0.833,"y":0.833},"o":{"x":0.167,"y":0.167},"t":30,"s":[0,-15.455],"to":[0,0.701],"ti":[0,-0.712]},{"i":{"x":0.833,"y":0.833},"o":{"x":0.167,"y":0.167},"t":31,"s":[0,-13.302],"to":[0,0.712],"ti":[0,-0.685]},{"i":{"x":0.833,"y":0.833},"o":{"x":0.167,"y":0.167},"t":32,"s":[0,-11.181],"to":[0,0.685],"ti":[0,-0.628]},{"i":{"x":0.833,"y":0.833},"o":{"x":0.167,"y":0.167},"t":33,"s":[0,-9.193],"to":[0,0.628],"ti":[0,-0.551]},{"i":{"x":0.833,"y":0.833},"o":{"x":0.167,"y":0.167},"t":34,"s":[0,-7.412],"to":[0,0.551],"ti":[0,-0.462]},{"i":{"x":0.833,"y":0.833},"o":{"x":0.167,"y":0.167},"t":35,"s":[0,-5.886],"to":[0,0.462],"ti":[0,-0.368]},{"i":{"x":0.833,"y":0.833},"o":{"x":0.167,"y":0.167},"t":36,"s":[0,-4.638],"to":[0,0.368],"ti":[0,-0.275]},{"i":{"x":0.833,"y":0.833},"o":{"x":0.167,"y":0.167},"t":37,"s":[0,-3.676],"to":[0,0.275],"ti":[0,-0.187]},{"i":{"x":0.833,"y":0.833},"o":{"x":0.167,"y":0.167},"t":38,"s":[0,-2.989],"to":[0,0.187],"ti":[0,-0.108]},{"i":{"x":0.833,"y":0.833},"o":{"x":0.167,"y":0.167},"t":39,"s":[0,-2.554],"to":[0,0.108],"ti":[0,-0.04]},{"i":{"x":0.833,"y":0.833},"o":{"x":0.167,"y":0.167},"t":40,"s":[0,-2.342],"to":[0,0.04],"ti":[0,0.016]},{"i":{"x":0.833,"y":0.833},"o":{"x":0.167,"y":0.167},"t":41,"s":[0,-2.316],"to":[0,-0.016],"ti":[0,0.06]},{"i":{"x":0.833,"y":0.833},"o":{"x":0.167,"y":0.167},"t":42,"s":[0,-2.44],"to":[0,-0.06],"ti":[0,0.091]},{"i":{"x":0.833,"y":0.833},"o":{"x":0.167,"y":0.167},"t":43,"s":[0,-2.675],"to":[0,-0.091],"ti":[0,0.111]},{"i":{"x":0.833,"y":0.833},"o":{"x":0.167,"y":0.167},"t":44,"s":[0,-2.987],"to":[0,-0.111],"ti":[0,0.122]},{"i":{"x":0.833,"y":0.833},"o":{"x":0.167,"y":0.167},"t":45,"s":[0,-3.344],"to":[0,-0.122],"ti":[0,0.124]},{"i":{"x":0.833,"y":0.833},"o":{"x":0.167,"y":0.167},"t":46,"s":[0,-3.718],"to":[0,-0.124],"ti":[0,0.119]},{"i":{"x":0.833,"y":0.833},"o":{"x":0.167,"y":0.167},"t":47,"s":[0,-4.087],"to":[0,-0.119],"ti":[0,0.109]},{"i":{"x":0.833,"y":0.833},"o":{"x":0.167,"y":0.167},"t":48,"s":[0,-4.432],"to":[0,-0.109],"ti":[0,0.096]},{"i":{"x":0.833,"y":0.833},"o":{"x":0.167,"y":0.167},"t":49,"s":[0,-4.742],"to":[0,-0.096],"ti":[0,0.08]},{"i":{"x":0.833,"y":0.833},"o":{"x":0.167,"y":0.167},"t":50,"s":[0,-5.007],"to":[0,-0.08],"ti":[0,0.064]},{"i":{"x":0.833,"y":0.833},"o":{"x":0.167,"y":0.167},"t":51,"s":[0,-5.224],"to":[0,-0.064],"ti":[0,0.048]},{"i":{"x":0.833,"y":0.833},"o":{"x":0.167,"y":0.167},"t":52,"s":[0,-5.391],"to":[0,-0.048],"ti":[0,0.032]},{"i":{"x":0.833,"y":0.833},"o":{"x":0.167,"y":0.167},"t":53,"s":[0,-5.51],"to":[0,-0.032],"ti":[0,0.019]},{"i":{"x":0.833,"y":0.833},"o":{"x":0.167,"y":0.167},"t":54,"s":[0,-5.586],"to":[0,-0.019],"ti":[0,0.007]},{"i":{"x":0.833,"y":0.833},"o":{"x":0.167,"y":0.167},"t":55,"s":[0,-5.623],"to":[0,-0.007],"ti":[0,-0.003]},{"i":{"x":0.833,"y":0.833},"o":{"x":0.167,"y":0.167},"t":56,"s":[0,-5.627],"to":[0,0.003],"ti":[0,-0.01]},{"i":{"x":0.833,"y":0.833},"o":{"x":0.167,"y":0.167},"t":57,"s":[0,-5.606],"to":[0,0.01],"ti":[0,-0.016]},{"i":{"x":0.833,"y":0.833},"o":{"x":0.167,"y":0.167},"t":58,"s":[0,-5.565],"to":[0,0.016],"ti":[0,-0.019]},{"i":{"x":0.833,"y":0.833},"o":{"x":0.167,"y":0.167},"t":59,"s":[0,-5.511],"to":[0,0.019],"ti":[0,-0.021]},{"i":{"x":0.833,"y":0.833},"o":{"x":0.167,"y":0.167},"t":60,"s":[0,-5.449],"to":[0,0.021],"ti":[0,-0.022]},{"i":{"x":0.833,"y":0.833},"o":{"x":0.167,"y":0.167},"t":61,"s":[0,-5.384],"to":[0,0.022],"ti":[0,-0.021]},{"i":{"x":0.833,"y":0.833},"o":{"x":0.167,"y":0.167},"t":62,"s":[0,-5.319],"to":[0,0.021],"ti":[0,-0.019]},{"i":{"x":0.833,"y":0.833},"o":{"x":0.167,"y":0.167},"t":63,"s":[0,-5.259],"to":[0,0.019],"ti":[0,-0.017]},{"i":{"x":0.833,"y":0.833},"o":{"x":0.167,"y":0.167},"t":64,"s":[0,-5.206],"to":[0,0.017],"ti":[0,-0.014]},{"i":{"x":0.833,"y":0.833},"o":{"x":0.167,"y":0.167},"t":65,"s":[0,-5.16],"to":[0,0.014],"ti":[0,-0.011]},{"i":{"x":0.833,"y":0.833},"o":{"x":0.167,"y":0.167},"t":66,"s":[0,-5.122],"to":[0,0.011],"ti":[0,-0.008]},{"i":{"x":0.833,"y":0.833},"o":{"x":0.167,"y":0.167},"t":67,"s":[0,-5.093],"to":[0,0.008],"ti":[0,-0.006]},{"i":{"x":0.833,"y":0.833},"o":{"x":0.167,"y":0.167},"t":68,"s":[0,-5.072],"to":[0,0.006],"ti":[0,-0.003]},{"i":{"x":0.833,"y":0.833},"o":{"x":0.167,"y":0.167},"t":69,"s":[0,-5.059],"to":[0,0.003],"ti":[0,-0.001]},{"i":{"x":0.833,"y":0.833},"o":{"x":0.167,"y":0.167},"t":70,"s":[0,-5.053],"to":[0,0.001],"ti":[0,0]},{"i":{"x":0.833,"y":0.833},"o":{"x":0.167,"y":0.167},"t":71,"s":[0,-5.052],"to":[0,0],"ti":[0,0.002]},{"i":{"x":0.833,"y":0.833},"o":{"x":0.167,"y":0.167},"t":72,"s":[0,-5.056],"to":[0,-0.002],"ti":[0,0.003]},{"i":{"x":0.833,"y":0.833},"o":{"x":0.167,"y":0.167},"t":73,"s":[0,-5.063],"to":[0,-0.003],"ti":[0,0.003]},{"i":{"x":0.833,"y":0.833},"o":{"x":0.167,"y":0.167},"t":74,"s":[0,-5.072],"to":[0,-0.003],"ti":[0,0.004]},{"i":{"x":0.833,"y":0.833},"o":{"x":0.167,"y":0.167},"t":75,"s":[0,-5.083],"to":[0,-0.004],"ti":[0,0.004]},{"i":{"x":0.833,"y":0.833},"o":{"x":0.167,"y":0.167},"t":76,"s":[0,-5.094],"to":[0,-0.004],"ti":[0,0.004]},{"i":{"x":0.833,"y":0.833},"o":{"x":0.167,"y":0.167},"t":77,"s":[0,-5.105],"to":[0,-0.004],"ti":[0,0.003]},{"i":{"x":0.833,"y":0.833},"o":{"x":0.167,"y":0.167},"t":78,"s":[0,-5.116],"to":[0,-0.003],"ti":[0,0.003]},{"i":{"x":0.833,"y":0.833},"o":{"x":0.167,"y":0.167},"t":79,"s":[0,-5.125],"to":[0,-0.003],"ti":[0,0.002]},{"i":{"x":0.833,"y":0.833},"o":{"x":0.167,"y":0.167},"t":80,"s":[0,-5.133],"to":[0,-0.002],"ti":[0,0.001]},{"t":81,"s":[0,-5.137]}],"ix":2},"a":{"a":0,"k":[0,0],"ix":1},"s":{"a":0,"k":[100,100],"ix":3},"r":{"a":0,"k":0,"ix":6},"o":{"a":0,"k":100,"ix":7},"sk":{"a":0,"k":0,"ix":4},"sa":{"a":0,"k":0,"ix":5},"nm":"变换"}],"nm":"椭圆形","np":2,"cix":2,"bm":0,"ix":1,"mn":"ADBE Vector Group","hd":false},{"ty":"gr","it":[{"ind":0,"ty":"sh","ix":1,"ks":{"a":1,"k":[{"i":{"x":0.667,"y":1},"o":{"x":0.333,"y":0},"t":0,"s":[{"i":[[0,0],[34.656,0],[26.445,-18.493]],"o":[[-26.544,-18.711],[-34.435,0],[0,0]],"v":[[100.103,96.905],[6.746,67.241],[-86.103,96.548]],"c":false}]},{"i":{"x":0.667,"y":1},"o":{"x":0.333,"y":0},"t":11,"s":[{"i":[[0,0],[41.596,0.238],[31.603,16.269]],"o":[[-33.448,16.885],[-42.154,-0.241],[0,0]],"v":[[103.448,99.115],[2.154,127.741],[-93.103,98.731]],"c":false}]},{"t":20.572265625,"s":[{"i":[[0,0],[34.656,0],[26.445,-18.493]],"o":[[-26.544,-18.711],[-34.435,0],[0,0]],"v":[[100.103,96.905],[6.746,67.241],[-86.103,96.548]],"c":false}]}],"ix":2},"nm":"路径 1","mn":"ADBE Vector Shape - Group","hd":false},{"ty":"st","c":{"a":0,"k":[0.098039217293,0.286274522543,0.490196079016,1],"ix":3},"o":{"a":0,"k":100,"ix":4},"w":{"a":0,"k":20.69,"ix":5},"lc":3,"lj":2,"bm":0,"nm":"描边 1","mn":"ADBE Vector Graphic - Stroke","hd":false},{"ty":"tr","p":{"a":0,"k":[0,0],"ix":2},"a":{"a":0,"k":[0,0],"ix":1},"s":{"a":0,"k":[100,100],"ix":3},"r":{"a":0,"k":0,"ix":6},"o":{"a":0,"k":100,"ix":7},"sk":{"a":0,"k":0,"ix":4},"sa":{"a":0,"k":0,"ix":5},"nm":"变换"}],"nm":"路径","np":2,"cix":2,"bm":0,"ix":2,"mn":"ADBE Vector Group","hd":false},{"ty":"tm","s":{"a":0,"k":0,"ix":1},"e":{"a":1,"k":[{"i":{"x":[0.833],"y":[0.833]},"o":{"x":[0.167],"y":[0.167]},"t":9,"s":[0]},{"i":{"x":[0.833],"y":[0.833]},"o":{"x":[0.167],"y":[0.167]},"t":15,"s":[32.567]},{"t":26.357421875,"s":[100]}],"ix":2},"o":{"a":0,"k":0,"ix":3},"m":1,"ix":3,"nm":"修剪路径 1","mn":"ADBE Vector Filter - Trim","hd":false}],"ip":0,"op":185,"st":0,"bm":0},{"ddd":0,"ind":3,"ty":4,"nm":"编组 3","sr":1,"ks":{"o":{"a":0,"k":100,"ix":11},"r":{"a":0,"k":0,"ix":10},"p":{"a":0,"k":[136.474,152.598,0],"ix":2,"l":2},"a":{"a":0,"k":[0.474,2.598,0],"ix":1,"l":2},"s":{"a":0,"k":[100,100,100],"ix":6,"l":2}},"ao":0,"shapes":[{"ty":"gr","it":[{"ind":0,"ty":"sh","ix":1,"ks":{"a":0,"k":{"i":[[-31.423,0],[0,-31.423],[31.423,0],[0,31.423]],"o":[[31.423,0],[0,31.423],[-31.423,0],[0,-31.423]],"v":[[7,-93.103],[63.897,-36.207],[7,20.69],[-49.897,-36.207]],"c":true},"ix":2},"nm":"路径 1","mn":"ADBE Vector Shape - Group","hd":false},{"ty":"st","c":{"a":0,"k":[0.098039217293,0.286274522543,0.490196079016,1],"ix":3},"o":{"a":0,"k":100,"ix":4},"w":{"a":0,"k":20.69,"ix":5},"lc":2,"lj":1,"ml":4,"bm":0,"nm":"描边 1","mn":"ADBE Vector Graphic - Stroke","hd":false},{"ty":"tr","p":{"a":1,"k":[{"i":{"x":0.833,"y":0.833},"o":{"x":0.167,"y":0.167},"t":0,"s":[0,-5.137],"to":[0,0.378],"ti":[0,-1.388]},{"i":{"x":0.833,"y":0.833},"o":{"x":0.167,"y":0.167},"t":1,"s":[0,-2.871],"to":[0,1.388],"ti":[0,-2.474]},{"i":{"x":0.833,"y":0.833},"o":{"x":0.167,"y":0.167},"t":2,"s":[0,3.194],"to":[0,2.474],"ti":[0,-3.201]},{"i":{"x":0.833,"y":0.833},"o":{"x":0.167,"y":0.167},"t":3,"s":[0,11.974],"to":[0,3.201],"ti":[0,-3.561]},{"i":{"x":0.833,"y":0.833},"o":{"x":0.167,"y":0.167},"t":4,"s":[0,22.397],"to":[0,3.561],"ti":[0,-3.559]},{"i":{"x":0.833,"y":0.833},"o":{"x":0.167,"y":0.167},"t":5,"s":[0,33.34],"to":[0,3.559],"ti":[0,-3.199]},{"i":{"x":0.833,"y":0.833},"o":{"x":0.167,"y":0.167},"t":6,"s":[0,43.752],"to":[0,3.199],"ti":[0,-2.474]},{"i":{"x":0.833,"y":0.833},"o":{"x":0.167,"y":0.167},"t":7,"s":[0,52.533],"to":[0,2.474],"ti":[0,-1.388]},{"i":{"x":0.833,"y":0.833},"o":{"x":0.167,"y":0.167},"t":8,"s":[0,58.597],"to":[0,1.388],"ti":[0,-1.795]},{"i":{"x":0.833,"y":0.833},"o":{"x":0.167,"y":0.167},"t":9,"s":[0,60.863],"to":[0,1.795],"ti":[0,-2]},{"i":{"x":0.833,"y":0.833},"o":{"x":0.167,"y":0.167},"t":10,"s":[0,69.367],"to":[0,2],"ti":[0,-0.442]},{"i":{"x":0.833,"y":0.833},"o":{"x":0.167,"y":0.167},"t":11,"s":[0,72.864],"to":[0,0.442],"ti":[0,0.878]},{"i":{"x":0.833,"y":0.833},"o":{"x":0.167,"y":0.167},"t":12,"s":[0,72.019],"to":[0,-0.878],"ti":[0,1.935]},{"i":{"x":0.833,"y":0.833},"o":{"x":0.167,"y":0.167},"t":13,"s":[0,67.594],"to":[0,-1.935],"ti":[0,2.713]},{"i":{"x":0.833,"y":0.833},"o":{"x":0.167,"y":0.167},"t":14,"s":[0,60.407],"to":[0,-2.713],"ti":[0,3.208]},{"i":{"x":0.833,"y":0.833},"o":{"x":0.167,"y":0.167},"t":15,"s":[0,51.314],"to":[0,-3.208],"ti":[0,3.423]},{"i":{"x":0.833,"y":0.833},"o":{"x":0.167,"y":0.167},"t":16,"s":[0,41.156],"to":[0,-3.423],"ti":[0,3.358]},{"i":{"x":0.833,"y":0.833},"o":{"x":0.167,"y":0.167},"t":17,"s":[0,30.777],"to":[0,-3.358],"ti":[0,3.026]},{"i":{"x":0.833,"y":0.833},"o":{"x":0.167,"y":0.167},"t":18,"s":[0,21.006],"to":[0,-3.026],"ti":[0,2.443]},{"i":{"x":0.833,"y":0.833},"o":{"x":0.167,"y":0.167},"t":19,"s":[0,12.622],"to":[0,-2.443],"ti":[0,3.438]},{"i":{"x":0.833,"y":0.833},"o":{"x":0.167,"y":0.167},"t":20,"s":[0,6.346],"to":[0,-3.438],"ti":[0,3.315]},{"i":{"x":0.833,"y":0.833},"o":{"x":0.167,"y":0.167},"t":21,"s":[0,-8.005],"to":[0,-3.315],"ti":[0,1.582]},{"i":{"x":0.833,"y":0.833},"o":{"x":0.167,"y":0.167},"t":22,"s":[0,-13.542],"to":[0,-1.582],"ti":[0,1.076]},{"i":{"x":0.833,"y":0.833},"o":{"x":0.167,"y":0.167},"t":23,"s":[0,-17.498],"to":[0,-1.076],"ti":[0,0.621]},{"i":{"x":0.833,"y":0.833},"o":{"x":0.167,"y":0.167},"t":24,"s":[0,-19.999],"to":[0,-0.621],"ti":[0,0.228]},{"i":{"x":0.833,"y":0.833},"o":{"x":0.167,"y":0.167},"t":25,"s":[0,-21.222],"to":[0,-0.228],"ti":[0,-0.094]},{"i":{"x":0.833,"y":0.833},"o":{"x":0.167,"y":0.167},"t":26,"s":[0,-21.37],"to":[0,0.094],"ti":[0,-0.344]},{"i":{"x":0.833,"y":0.833},"o":{"x":0.167,"y":0.167},"t":27,"s":[0,-20.659],"to":[0,0.344],"ti":[0,-0.525]},{"i":{"x":0.833,"y":0.833},"o":{"x":0.167,"y":0.167},"t":28,"s":[0,-19.304],"to":[0,0.525],"ti":[0,-0.642]},{"i":{"x":0.833,"y":0.833},"o":{"x":0.167,"y":0.167},"t":29,"s":[0,-17.508],"to":[0,0.642],"ti":[0,-0.701]},{"i":{"x":0.833,"y":0.833},"o":{"x":0.167,"y":0.167},"t":30,"s":[0,-15.455],"to":[0,0.701],"ti":[0,-0.712]},{"i":{"x":0.833,"y":0.833},"o":{"x":0.167,"y":0.167},"t":31,"s":[0,-13.302],"to":[0,0.712],"ti":[0,-0.685]},{"i":{"x":0.833,"y":0.833},"o":{"x":0.167,"y":0.167},"t":32,"s":[0,-11.181],"to":[0,0.685],"ti":[0,-0.628]},{"i":{"x":0.833,"y":0.833},"o":{"x":0.167,"y":0.167},"t":33,"s":[0,-9.193],"to":[0,0.628],"ti":[0,-0.551]},{"i":{"x":0.833,"y":0.833},"o":{"x":0.167,"y":0.167},"t":34,"s":[0,-7.412],"to":[0,0.551],"ti":[0,-0.462]},{"i":{"x":0.833,"y":0.833},"o":{"x":0.167,"y":0.167},"t":35,"s":[0,-5.886],"to":[0,0.462],"ti":[0,-0.368]},{"i":{"x":0.833,"y":0.833},"o":{"x":0.167,"y":0.167},"t":36,"s":[0,-4.638],"to":[0,0.368],"ti":[0,-0.275]},{"i":{"x":0.833,"y":0.833},"o":{"x":0.167,"y":0.167},"t":37,"s":[0,-3.676],"to":[0,0.275],"ti":[0,-0.187]},{"i":{"x":0.833,"y":0.833},"o":{"x":0.167,"y":0.167},"t":38,"s":[0,-2.989],"to":[0,0.187],"ti":[0,-0.108]},{"i":{"x":0.833,"y":0.833},"o":{"x":0.167,"y":0.167},"t":39,"s":[0,-2.554],"to":[0,0.108],"ti":[0,-0.04]},{"i":{"x":0.833,"y":0.833},"o":{"x":0.167,"y":0.167},"t":40,"s":[0,-2.342],"to":[0,0.04],"ti":[0,0.016]},{"i":{"x":0.833,"y":0.833},"o":{"x":0.167,"y":0.167},"t":41,"s":[0,-2.316],"to":[0,-0.016],"ti":[0,0.06]},{"i":{"x":0.833,"y":0.833},"o":{"x":0.167,"y":0.167},"t":42,"s":[0,-2.44],"to":[0,-0.06],"ti":[0,0.091]},{"i":{"x":0.833,"y":0.833},"o":{"x":0.167,"y":0.167},"t":43,"s":[0,-2.675],"to":[0,-0.091],"ti":[0,0.111]},{"i":{"x":0.833,"y":0.833},"o":{"x":0.167,"y":0.167},"t":44,"s":[0,-2.987],"to":[0,-0.111],"ti":[0,0.122]},{"i":{"x":0.833,"y":0.833},"o":{"x":0.167,"y":0.167},"t":45,"s":[0,-3.344],"to":[0,-0.122],"ti":[0,0.124]},{"i":{"x":0.833,"y":0.833},"o":{"x":0.167,"y":0.167},"t":46,"s":[0,-3.718],"to":[0,-0.124],"ti":[0,0.119]},{"i":{"x":0.833,"y":0.833},"o":{"x":0.167,"y":0.167},"t":47,"s":[0,-4.087],"to":[0,-0.119],"ti":[0,0.109]},{"i":{"x":0.833,"y":0.833},"o":{"x":0.167,"y":0.167},"t":48,"s":[0,-4.432],"to":[0,-0.109],"ti":[0,0.096]},{"i":{"x":0.833,"y":0.833},"o":{"x":0.167,"y":0.167},"t":49,"s":[0,-4.742],"to":[0,-0.096],"ti":[0,0.08]},{"i":{"x":0.833,"y":0.833},"o":{"x":0.167,"y":0.167},"t":50,"s":[0,-5.007],"to":[0,-0.08],"ti":[0,0.064]},{"i":{"x":0.833,"y":0.833},"o":{"x":0.167,"y":0.167},"t":51,"s":[0,-5.224],"to":[0,-0.064],"ti":[0,0.048]},{"i":{"x":0.833,"y":0.833},"o":{"x":0.167,"y":0.167},"t":52,"s":[0,-5.391],"to":[0,-0.048],"ti":[0,0.032]},{"i":{"x":0.833,"y":0.833},"o":{"x":0.167,"y":0.167},"t":53,"s":[0,-5.51],"to":[0,-0.032],"ti":[0,0.019]},{"i":{"x":0.833,"y":0.833},"o":{"x":0.167,"y":0.167},"t":54,"s":[0,-5.586],"to":[0,-0.019],"ti":[0,0.007]},{"i":{"x":0.833,"y":0.833},"o":{"x":0.167,"y":0.167},"t":55,"s":[0,-5.623],"to":[0,-0.007],"ti":[0,-0.003]},{"i":{"x":0.833,"y":0.833},"o":{"x":0.167,"y":0.167},"t":56,"s":[0,-5.627],"to":[0,0.003],"ti":[0,-0.01]},{"i":{"x":0.833,"y":0.833},"o":{"x":0.167,"y":0.167},"t":57,"s":[0,-5.606],"to":[0,0.01],"ti":[0,-0.016]},{"i":{"x":0.833,"y":0.833},"o":{"x":0.167,"y":0.167},"t":58,"s":[0,-5.565],"to":[0,0.016],"ti":[0,-0.019]},{"i":{"x":0.833,"y":0.833},"o":{"x":0.167,"y":0.167},"t":59,"s":[0,-5.511],"to":[0,0.019],"ti":[0,-0.021]},{"i":{"x":0.833,"y":0.833},"o":{"x":0.167,"y":0.167},"t":60,"s":[0,-5.449],"to":[0,0.021],"ti":[0,-0.022]},{"i":{"x":0.833,"y":0.833},"o":{"x":0.167,"y":0.167},"t":61,"s":[0,-5.384],"to":[0,0.022],"ti":[0,-0.021]},{"i":{"x":0.833,"y":0.833},"o":{"x":0.167,"y":0.167},"t":62,"s":[0,-5.319],"to":[0,0.021],"ti":[0,-0.019]},{"i":{"x":0.833,"y":0.833},"o":{"x":0.167,"y":0.167},"t":63,"s":[0,-5.259],"to":[0,0.019],"ti":[0,-0.017]},{"i":{"x":0.833,"y":0.833},"o":{"x":0.167,"y":0.167},"t":64,"s":[0,-5.206],"to":[0,0.017],"ti":[0,-0.014]},{"i":{"x":0.833,"y":0.833},"o":{"x":0.167,"y":0.167},"t":65,"s":[0,-5.16],"to":[0,0.014],"ti":[0,-0.011]},{"i":{"x":0.833,"y":0.833},"o":{"x":0.167,"y":0.167},"t":66,"s":[0,-5.122],"to":[0,0.011],"ti":[0,-0.008]},{"i":{"x":0.833,"y":0.833},"o":{"x":0.167,"y":0.167},"t":67,"s":[0,-5.093],"to":[0,0.008],"ti":[0,-0.006]},{"i":{"x":0.833,"y":0.833},"o":{"x":0.167,"y":0.167},"t":68,"s":[0,-5.072],"to":[0,0.006],"ti":[0,-0.003]},{"i":{"x":0.833,"y":0.833},"o":{"x":0.167,"y":0.167},"t":69,"s":[0,-5.059],"to":[0,0.003],"ti":[0,-0.001]},{"i":{"x":0.833,"y":0.833},"o":{"x":0.167,"y":0.167},"t":70,"s":[0,-5.053],"to":[0,0.001],"ti":[0,0]},{"i":{"x":0.833,"y":0.833},"o":{"x":0.167,"y":0.167},"t":71,"s":[0,-5.052],"to":[0,0],"ti":[0,0.002]},{"i":{"x":0.833,"y":0.833},"o":{"x":0.167,"y":0.167},"t":72,"s":[0,-5.056],"to":[0,-0.002],"ti":[0,0.003]},{"i":{"x":0.833,"y":0.833},"o":{"x":0.167,"y":0.167},"t":73,"s":[0,-5.063],"to":[0,-0.003],"ti":[0,0.003]},{"i":{"x":0.833,"y":0.833},"o":{"x":0.167,"y":0.167},"t":74,"s":[0,-5.072],"to":[0,-0.003],"ti":[0,0.004]},{"i":{"x":0.833,"y":0.833},"o":{"x":0.167,"y":0.167},"t":75,"s":[0,-5.083],"to":[0,-0.004],"ti":[0,0.004]},{"i":{"x":0.833,"y":0.833},"o":{"x":0.167,"y":0.167},"t":76,"s":[0,-5.094],"to":[0,-0.004],"ti":[0,0.004]},{"i":{"x":0.833,"y":0.833},"o":{"x":0.167,"y":0.167},"t":77,"s":[0,-5.105],"to":[0,-0.004],"ti":[0,0.003]},{"i":{"x":0.833,"y":0.833},"o":{"x":0.167,"y":0.167},"t":78,"s":[0,-5.116],"to":[0,-0.003],"ti":[0,0.003]},{"i":{"x":0.833,"y":0.833},"o":{"x":0.167,"y":0.167},"t":79,"s":[0,-5.125],"to":[0,-0.003],"ti":[0,0.002]},{"i":{"x":0.833,"y":0.833},"o":{"x":0.167,"y":0.167},"t":80,"s":[0,-5.133],"to":[0,-0.002],"ti":[0,0.001]},{"t":81,"s":[0,-5.137]}],"ix":2},"a":{"a":0,"k":[0,0],"ix":1},"s":{"a":0,"k":[100,100],"ix":3},"r":{"a":0,"k":0,"ix":6},"o":{"a":0,"k":100,"ix":7},"sk":{"a":0,"k":0,"ix":4},"sa":{"a":0,"k":0,"ix":5},"nm":"变换"}],"nm":"椭圆形","np":2,"cix":2,"bm":0,"ix":1,"mn":"ADBE Vector Group","hd":false},{"ty":"gr","it":[{"ind":0,"ty":"sh","ix":1,"ks":{"a":1,"k":[{"i":{"x":0.667,"y":1},"o":{"x":0.333,"y":0},"t":0,"s":[{"i":[[2.381,1.502],[31.655,0],[24.367,-14.558]],"o":[[-25.112,-15.842],[-30.242,0],[-3.378,2.018]],"v":[[93.084,92.221],[6.746,67.241],[-76.204,90.14]],"c":false}]},{"i":{"x":0.667,"y":1},"o":{"x":0.333,"y":0},"t":11,"s":[{"i":[[2.747,-1.357],[38.069,0.218],[25.995,13.372]],"o":[[-29.643,14.644],[-37.021,-0.212],[-3.604,-1.854]],"v":[[95.08,103.3],[2.154,127.741],[-81.954,104.49]],"c":false}]},{"t":20.572265625,"s":[{"i":[[2.33,1.473],[31.717,0],[24.367,-14.558]],"o":[[-25.144,-15.899],[-30.242,0],[-3.378,2.018]],"v":[[93.231,92.314],[6.746,67.241],[-76.204,90.14]],"c":false}]}],"ix":2},"nm":"路径 1","mn":"ADBE Vector Shape - Group","hd":false},{"ty":"st","c":{"a":0,"k":[0.098039217293,0.286274522543,0.490196079016,1],"ix":3},"o":{"a":0,"k":100,"ix":4},"w":{"a":0,"k":20.69,"ix":5},"lc":2,"lj":2,"bm":0,"nm":"描边 1","mn":"ADBE Vector Graphic - Stroke","hd":false},{"ty":"tr","p":{"a":0,"k":[0,0],"ix":2},"a":{"a":0,"k":[0,0],"ix":1},"s":{"a":0,"k":[100,100],"ix":3},"r":{"a":0,"k":0,"ix":6},"o":{"a":0,"k":100,"ix":7},"sk":{"a":0,"k":0,"ix":4},"sa":{"a":0,"k":0,"ix":5},"nm":"变换"}],"nm":"路径","np":2,"cix":2,"bm":0,"ix":2,"mn":"ADBE Vector Group","hd":false},{"ty":"tm","s":{"a":0,"k":0,"ix":1},"e":{"a":1,"k":[{"i":{"x":[0.833],"y":[0.833]},"o":{"x":[0.167],"y":[0.167]},"t":9,"s":[0]},{"t":25.71484375,"s":[100]}],"ix":2},"o":{"a":0,"k":0,"ix":3},"m":1,"ix":3,"nm":"修剪路径 1","mn":"ADBE Vector Filter - Trim","hd":false}],"ip":0,"op":185,"st":0,"bm":0},{"ddd":0,"ind":4,"ty":4,"nm":"编组","sr":1,"ks":{"o":{"a":1,"k":[{"i":{"x":[0.833],"y":[0.833]},"o":{"x":[0.167],"y":[0.167]},"t":26.357,"s":[100]},{"t":27,"s":[0]}],"ix":11},"r":{"a":0,"k":0,"ix":10},"p":{"a":0,"k":[136.474,152.598,0],"ix":2,"l":2},"a":{"a":0,"k":[0.474,2.598,0],"ix":1,"l":2},"s":{"a":0,"k":[100,100,100],"ix":6,"l":2}},"ao":0,"shapes":[{"ty":"gr","it":[{"ind":0,"ty":"sh","ix":1,"ks":{"a":0,"k":{"i":[[-31.423,0],[0,-31.423],[31.423,0],[0,31.423]],"o":[[31.423,0],[0,31.423],[-31.423,0],[0,-31.423]],"v":[[7,-93.103],[63.897,-36.207],[7,20.69],[-49.897,-36.207]],"c":true},"ix":2},"nm":"路径 1","mn":"ADBE Vector Shape - Group","hd":false},{"ty":"st","c":{"a":0,"k":[0,0,0,1],"ix":3},"o":{"a":0,"k":100,"ix":4},"w":{"a":0,"k":20.69,"ix":5},"lc":3,"lj":1,"ml":4,"bm":0,"nm":"描边 1","mn":"ADBE Vector Graphic - Stroke","hd":false},{"ty":"tr","p":{"a":1,"k":[{"i":{"x":0.833,"y":0.833},"o":{"x":0.167,"y":0.167},"t":0,"s":[0,-5.137],"to":[0,0.378],"ti":[0,-1.388]},{"i":{"x":0.833,"y":0.833},"o":{"x":0.167,"y":0.167},"t":1,"s":[0,-2.871],"to":[0,1.388],"ti":[0,-2.474]},{"i":{"x":0.833,"y":0.833},"o":{"x":0.167,"y":0.167},"t":2,"s":[0,3.194],"to":[0,2.474],"ti":[0,-3.201]},{"i":{"x":0.833,"y":0.833},"o":{"x":0.167,"y":0.167},"t":3,"s":[0,11.974],"to":[0,3.201],"ti":[0,-3.561]},{"i":{"x":0.833,"y":0.833},"o":{"x":0.167,"y":0.167},"t":4,"s":[0,22.397],"to":[0,3.561],"ti":[0,-3.559]},{"i":{"x":0.833,"y":0.833},"o":{"x":0.167,"y":0.167},"t":5,"s":[0,33.34],"to":[0,3.559],"ti":[0,-3.199]},{"i":{"x":0.833,"y":0.833},"o":{"x":0.167,"y":0.167},"t":6,"s":[0,43.752],"to":[0,3.199],"ti":[0,-2.474]},{"i":{"x":0.833,"y":0.833},"o":{"x":0.167,"y":0.167},"t":7,"s":[0,52.533],"to":[0,2.474],"ti":[0,-1.388]},{"i":{"x":0.833,"y":0.833},"o":{"x":0.167,"y":0.167},"t":8,"s":[0,58.597],"to":[0,1.388],"ti":[0,-1.795]},{"i":{"x":0.833,"y":0.833},"o":{"x":0.167,"y":0.167},"t":9,"s":[0,60.863],"to":[0,1.795],"ti":[0,-2]},{"i":{"x":0.833,"y":0.833},"o":{"x":0.167,"y":0.167},"t":10,"s":[0,69.367],"to":[0,2],"ti":[0,-0.442]},{"i":{"x":0.833,"y":0.833},"o":{"x":0.167,"y":0.167},"t":11,"s":[0,72.864],"to":[0,0.442],"ti":[0,0.878]},{"i":{"x":0.833,"y":0.833},"o":{"x":0.167,"y":0.167},"t":12,"s":[0,72.019],"to":[0,-0.878],"ti":[0,1.935]},{"i":{"x":0.833,"y":0.833},"o":{"x":0.167,"y":0.167},"t":13,"s":[0,67.594],"to":[0,-1.935],"ti":[0,2.713]},{"i":{"x":0.833,"y":0.833},"o":{"x":0.167,"y":0.167},"t":14,"s":[0,60.407],"to":[0,-2.713],"ti":[0,3.208]},{"i":{"x":0.833,"y":0.833},"o":{"x":0.167,"y":0.167},"t":15,"s":[0,51.314],"to":[0,-3.208],"ti":[0,3.423]},{"i":{"x":0.833,"y":0.833},"o":{"x":0.167,"y":0.167},"t":16,"s":[0,41.156],"to":[0,-3.423],"ti":[0,3.358]},{"i":{"x":0.833,"y":0.833},"o":{"x":0.167,"y":0.167},"t":17,"s":[0,30.777],"to":[0,-3.358],"ti":[0,3.026]},{"i":{"x":0.833,"y":0.833},"o":{"x":0.167,"y":0.167},"t":18,"s":[0,21.006],"to":[0,-3.026],"ti":[0,2.443]},{"i":{"x":0.833,"y":0.833},"o":{"x":0.167,"y":0.167},"t":19,"s":[0,12.622],"to":[0,-2.443],"ti":[0,3.438]},{"i":{"x":0.833,"y":0.833},"o":{"x":0.167,"y":0.167},"t":20,"s":[0,6.346],"to":[0,-3.438],"ti":[0,3.315]},{"i":{"x":0.833,"y":0.833},"o":{"x":0.167,"y":0.167},"t":21,"s":[0,-8.005],"to":[0,-3.315],"ti":[0,1.582]},{"i":{"x":0.833,"y":0.833},"o":{"x":0.167,"y":0.167},"t":22,"s":[0,-13.542],"to":[0,-1.582],"ti":[0,1.076]},{"i":{"x":0.833,"y":0.833},"o":{"x":0.167,"y":0.167},"t":23,"s":[0,-17.498],"to":[0,-1.076],"ti":[0,0.621]},{"i":{"x":0.833,"y":0.833},"o":{"x":0.167,"y":0.167},"t":24,"s":[0,-19.999],"to":[0,-0.621],"ti":[0,0.228]},{"i":{"x":0.833,"y":0.833},"o":{"x":0.167,"y":0.167},"t":25,"s":[0,-21.222],"to":[0,-0.228],"ti":[0,-0.094]},{"i":{"x":0.833,"y":0.833},"o":{"x":0.167,"y":0.167},"t":26,"s":[0,-21.37],"to":[0,0.094],"ti":[0,-0.344]},{"i":{"x":0.833,"y":0.833},"o":{"x":0.167,"y":0.167},"t":27,"s":[0,-20.659],"to":[0,0.344],"ti":[0,-0.525]},{"i":{"x":0.833,"y":0.833},"o":{"x":0.167,"y":0.167},"t":28,"s":[0,-19.304],"to":[0,0.525],"ti":[0,-0.642]},{"i":{"x":0.833,"y":0.833},"o":{"x":0.167,"y":0.167},"t":29,"s":[0,-17.508],"to":[0,0.642],"ti":[0,-0.701]},{"i":{"x":0.833,"y":0.833},"o":{"x":0.167,"y":0.167},"t":30,"s":[0,-15.455],"to":[0,0.701],"ti":[0,-0.712]},{"i":{"x":0.833,"y":0.833},"o":{"x":0.167,"y":0.167},"t":31,"s":[0,-13.302],"to":[0,0.712],"ti":[0,-0.685]},{"i":{"x":0.833,"y":0.833},"o":{"x":0.167,"y":0.167},"t":32,"s":[0,-11.181],"to":[0,0.685],"ti":[0,-0.628]},{"i":{"x":0.833,"y":0.833},"o":{"x":0.167,"y":0.167},"t":33,"s":[0,-9.193],"to":[0,0.628],"ti":[0,-0.551]},{"i":{"x":0.833,"y":0.833},"o":{"x":0.167,"y":0.167},"t":34,"s":[0,-7.412],"to":[0,0.551],"ti":[0,-0.462]},{"i":{"x":0.833,"y":0.833},"o":{"x":0.167,"y":0.167},"t":35,"s":[0,-5.886],"to":[0,0.462],"ti":[0,-0.368]},{"i":{"x":0.833,"y":0.833},"o":{"x":0.167,"y":0.167},"t":36,"s":[0,-4.638],"to":[0,0.368],"ti":[0,-0.275]},{"i":{"x":0.833,"y":0.833},"o":{"x":0.167,"y":0.167},"t":37,"s":[0,-3.676],"to":[0,0.275],"ti":[0,-0.187]},{"i":{"x":0.833,"y":0.833},"o":{"x":0.167,"y":0.167},"t":38,"s":[0,-2.989],"to":[0,0.187],"ti":[0,-0.108]},{"i":{"x":0.833,"y":0.833},"o":{"x":0.167,"y":0.167},"t":39,"s":[0,-2.554],"to":[0,0.108],"ti":[0,-0.04]},{"i":{"x":0.833,"y":0.833},"o":{"x":0.167,"y":0.167},"t":40,"s":[0,-2.342],"to":[0,0.04],"ti":[0,0.016]},{"i":{"x":0.833,"y":0.833},"o":{"x":0.167,"y":0.167},"t":41,"s":[0,-2.316],"to":[0,-0.016],"ti":[0,0.06]},{"i":{"x":0.833,"y":0.833},"o":{"x":0.167,"y":0.167},"t":42,"s":[0,-2.44],"to":[0,-0.06],"ti":[0,0.091]},{"i":{"x":0.833,"y":0.833},"o":{"x":0.167,"y":0.167},"t":43,"s":[0,-2.675],"to":[0,-0.091],"ti":[0,0.111]},{"i":{"x":0.833,"y":0.833},"o":{"x":0.167,"y":0.167},"t":44,"s":[0,-2.987],"to":[0,-0.111],"ti":[0,0.122]},{"i":{"x":0.833,"y":0.833},"o":{"x":0.167,"y":0.167},"t":45,"s":[0,-3.344],"to":[0,-0.122],"ti":[0,0.124]},{"i":{"x":0.833,"y":0.833},"o":{"x":0.167,"y":0.167},"t":46,"s":[0,-3.718],"to":[0,-0.124],"ti":[0,0.119]},{"i":{"x":0.833,"y":0.833},"o":{"x":0.167,"y":0.167},"t":47,"s":[0,-4.087],"to":[0,-0.119],"ti":[0,0.109]},{"i":{"x":0.833,"y":0.833},"o":{"x":0.167,"y":0.167},"t":48,"s":[0,-4.432],"to":[0,-0.109],"ti":[0,0.096]},{"i":{"x":0.833,"y":0.833},"o":{"x":0.167,"y":0.167},"t":49,"s":[0,-4.742],"to":[0,-0.096],"ti":[0,0.08]},{"i":{"x":0.833,"y":0.833},"o":{"x":0.167,"y":0.167},"t":50,"s":[0,-5.007],"to":[0,-0.08],"ti":[0,0.064]},{"i":{"x":0.833,"y":0.833},"o":{"x":0.167,"y":0.167},"t":51,"s":[0,-5.224],"to":[0,-0.064],"ti":[0,0.048]},{"i":{"x":0.833,"y":0.833},"o":{"x":0.167,"y":0.167},"t":52,"s":[0,-5.391],"to":[0,-0.048],"ti":[0,0.032]},{"i":{"x":0.833,"y":0.833},"o":{"x":0.167,"y":0.167},"t":53,"s":[0,-5.51],"to":[0,-0.032],"ti":[0,0.019]},{"i":{"x":0.833,"y":0.833},"o":{"x":0.167,"y":0.167},"t":54,"s":[0,-5.586],"to":[0,-0.019],"ti":[0,0.007]},{"i":{"x":0.833,"y":0.833},"o":{"x":0.167,"y":0.167},"t":55,"s":[0,-5.623],"to":[0,-0.007],"ti":[0,-0.003]},{"i":{"x":0.833,"y":0.833},"o":{"x":0.167,"y":0.167},"t":56,"s":[0,-5.627],"to":[0,0.003],"ti":[0,-0.01]},{"i":{"x":0.833,"y":0.833},"o":{"x":0.167,"y":0.167},"t":57,"s":[0,-5.606],"to":[0,0.01],"ti":[0,-0.016]},{"i":{"x":0.833,"y":0.833},"o":{"x":0.167,"y":0.167},"t":58,"s":[0,-5.565],"to":[0,0.016],"ti":[0,-0.019]},{"i":{"x":0.833,"y":0.833},"o":{"x":0.167,"y":0.167},"t":59,"s":[0,-5.511],"to":[0,0.019],"ti":[0,-0.021]},{"i":{"x":0.833,"y":0.833},"o":{"x":0.167,"y":0.167},"t":60,"s":[0,-5.449],"to":[0,0.021],"ti":[0,-0.022]},{"i":{"x":0.833,"y":0.833},"o":{"x":0.167,"y":0.167},"t":61,"s":[0,-5.384],"to":[0,0.022],"ti":[0,-0.021]},{"i":{"x":0.833,"y":0.833},"o":{"x":0.167,"y":0.167},"t":62,"s":[0,-5.319],"to":[0,0.021],"ti":[0,-0.019]},{"i":{"x":0.833,"y":0.833},"o":{"x":0.167,"y":0.167},"t":63,"s":[0,-5.259],"to":[0,0.019],"ti":[0,-0.017]},{"i":{"x":0.833,"y":0.833},"o":{"x":0.167,"y":0.167},"t":64,"s":[0,-5.206],"to":[0,0.017],"ti":[0,-0.014]},{"i":{"x":0.833,"y":0.833},"o":{"x":0.167,"y":0.167},"t":65,"s":[0,-5.16],"to":[0,0.014],"ti":[0,-0.011]},{"i":{"x":0.833,"y":0.833},"o":{"x":0.167,"y":0.167},"t":66,"s":[0,-5.122],"to":[0,0.011],"ti":[0,-0.008]},{"i":{"x":0.833,"y":0.833},"o":{"x":0.167,"y":0.167},"t":67,"s":[0,-5.093],"to":[0,0.008],"ti":[0,-0.006]},{"i":{"x":0.833,"y":0.833},"o":{"x":0.167,"y":0.167},"t":68,"s":[0,-5.072],"to":[0,0.006],"ti":[0,-0.003]},{"i":{"x":0.833,"y":0.833},"o":{"x":0.167,"y":0.167},"t":69,"s":[0,-5.059],"to":[0,0.003],"ti":[0,-0.001]},{"i":{"x":0.833,"y":0.833},"o":{"x":0.167,"y":0.167},"t":70,"s":[0,-5.053],"to":[0,0.001],"ti":[0,0]},{"i":{"x":0.833,"y":0.833},"o":{"x":0.167,"y":0.167},"t":71,"s":[0,-5.052],"to":[0,0],"ti":[0,0.002]},{"i":{"x":0.833,"y":0.833},"o":{"x":0.167,"y":0.167},"t":72,"s":[0,-5.056],"to":[0,-0.002],"ti":[0,0.003]},{"i":{"x":0.833,"y":0.833},"o":{"x":0.167,"y":0.167},"t":73,"s":[0,-5.063],"to":[0,-0.003],"ti":[0,0.003]},{"i":{"x":0.833,"y":0.833},"o":{"x":0.167,"y":0.167},"t":74,"s":[0,-5.072],"to":[0,-0.003],"ti":[0,0.004]},{"i":{"x":0.833,"y":0.833},"o":{"x":0.167,"y":0.167},"t":75,"s":[0,-5.083],"to":[0,-0.004],"ti":[0,0.004]},{"i":{"x":0.833,"y":0.833},"o":{"x":0.167,"y":0.167},"t":76,"s":[0,-5.094],"to":[0,-0.004],"ti":[0,0.004]},{"i":{"x":0.833,"y":0.833},"o":{"x":0.167,"y":0.167},"t":77,"s":[0,-5.105],"to":[0,-0.004],"ti":[0,0.003]},{"i":{"x":0.833,"y":0.833},"o":{"x":0.167,"y":0.167},"t":78,"s":[0,-5.116],"to":[0,-0.003],"ti":[0,0.003]},{"i":{"x":0.833,"y":0.833},"o":{"x":0.167,"y":0.167},"t":79,"s":[0,-5.125],"to":[0,-0.003],"ti":[0,0.002]},{"i":{"x":0.833,"y":0.833},"o":{"x":0.167,"y":0.167},"t":80,"s":[0,-5.133],"to":[0,-0.002],"ti":[0,0.001]},{"t":81,"s":[0,-5.137]}],"ix":2},"a":{"a":0,"k":[0,0],"ix":1},"s":{"a":0,"k":[100,100],"ix":3},"r":{"a":0,"k":0,"ix":6},"o":{"a":0,"k":100,"ix":7},"sk":{"a":0,"k":0,"ix":4},"sa":{"a":0,"k":0,"ix":5},"nm":"变换"}],"nm":"椭圆形","np":2,"cix":2,"bm":0,"ix":1,"mn":"ADBE Vector Group","hd":false},{"ty":"gr","it":[{"ind":0,"ty":"sh","ix":1,"ks":{"a":1,"k":[{"i":{"x":0.667,"y":1},"o":{"x":0.333,"y":0},"t":0,"s":[{"i":[[0,0],[34.656,0],[26.445,-18.493]],"o":[[-26.544,-18.711],[-34.435,0],[0,0]],"v":[[100.103,96.905],[6.746,67.241],[-86.103,96.548]],"c":false}]},{"i":{"x":0.667,"y":1},"o":{"x":0.333,"y":0},"t":11,"s":[{"i":[[0,0],[41.596,0.238],[31.603,16.269]],"o":[[-33.448,16.885],[-42.154,-0.241],[0,0]],"v":[[103.448,99.115],[2.154,127.741],[-93.103,98.731]],"c":false}]},{"t":20.572265625,"s":[{"i":[[0,0],[34.656,0],[26.445,-18.493]],"o":[[-26.544,-18.711],[-34.435,0],[0,0]],"v":[[100.103,96.905],[6.746,67.241],[-86.103,96.548]],"c":false}]}],"ix":2},"nm":"路径 1","mn":"ADBE Vector Shape - Group","hd":false},{"ty":"st","c":{"a":0,"k":[0,0,0,1],"ix":3},"o":{"a":0,"k":100,"ix":4},"w":{"a":0,"k":20.69,"ix":5},"lc":3,"lj":2,"bm":0,"nm":"描边 1","mn":"ADBE Vector Graphic - Stroke","hd":false},{"ty":"tr","p":{"a":0,"k":[0,0],"ix":2},"a":{"a":0,"k":[0,0],"ix":1},"s":{"a":0,"k":[100,100],"ix":3},"r":{"a":0,"k":0,"ix":6},"o":{"a":0,"k":100,"ix":7},"sk":{"a":0,"k":0,"ix":4},"sa":{"a":0,"k":0,"ix":5},"nm":"变换"}],"nm":"路径","np":2,"cix":2,"bm":0,"ix":2,"mn":"ADBE Vector Group","hd":false}],"ip":0,"op":185,"st":0,"bm":0}],"markers":[]}