{"admin.qun.qq.com/mcreatev3/category-list.html":"2413969029b01f3484c43c7c6434d53560e027fa","8.url.cn/qun/admin/mcreatev3/css/7e12f_step.min.css":"3f2d4e015c26eafcac01a7a2b4f928c7aa64f3d5","7.url.cn/qun/admin/mcreatev3/js/eb5ac_location.min.js":"12b9168bfeccc6440dd196854dcda8e5c599af90","9.url.cn/qun/admin/mcreatev3/img/86a6c_invite.png":"99db4fbc24b54783382273596c24ae24ce836046","admin.qun.qq.com/mcreatev3/location.html":"5fa9e5aba96af0a237914cdd8cbcb6092b47033d","9.url.cn/qun/admin/mcreatev3/img/a2d86_casual.png":"8517db49bf5b66d7edec57b4674548be4673c771","7.url.cn/qun/admin/mcreatev3/js/beb5a_accessory.min.js":"9ace73a054ec70c7a54b7ac6628cf9ad0cafb62b","9.url.cn/qun/admin/mcreatev3/img/f579f_default-group-icon.jpg":"b220f80c4d98fd6b9d3a45aa4545b3d829b99d1d","9.url.cn/qun/admin/mcreatev3/img/e8179_category-img.png":"7cbbddb03164194139553cd2378b7ce0a56da9ab","7.url.cn/qun/admin/mcreatev3/js/common/f8b39_simple.min.js":"8393a0c60ad5f77c2a4f6f9d1198d75caa0513ab","admin.qun.qq.com/mcreatev3/index.html":"93719e1d528c7b7cf49a62169cf64f940574a672","9.url.cn/qun/admin/mcreatev3/img/b5548_gname.png":"f5cd2909da210c63b0b69ce100ece8dde839f52a","7.url.cn/qun/admin/mcreatev3/js/b38c2_step2.min.js":"54e7de89fbc01b07fa33bc300a0cd3268821a358","9.url.cn/qun/admin/mcreatev3/img/2f2c8_location.png":"aed0afddd7d3b1b7f11caeb5081c5a255f69262b","9.url.cn/qun/admin/mcreatev3/img/3b181_cate-icons@2x.png":"815f2e1340bf66226c740ea02e65333cae05aa28","admin.qun.qq.com/mcreatev3/category.html":"e8c0916e4d6f82c2a7b9f8d38c38423244962e28","7.url.cn/qun/admin/mcreatev3/js/6420d_step1.min.js":"6e1de46aab42c75cab3a55df2cc6ece6cb223b62","admin.qun.qq.com/mcreatev3/404.html":"0ebf46f02c842cf2310c1967e3daad5e032c3574","7.url.cn/qun/admin/mcreatev3/js/c5c9a_tmplInit.min.js":"494ae4a7ad577872935eb0c10a66b8448b83d931","admin.qun.qq.com/mcreatev3/agreement.html":"638319d9ca66017305251d655964f909ba751723","7.url.cn/qun/admin/mcreatev3/js/common/f62d8_common.min.js":"dcc39fbad54ef56dc0448a0e731f4c7b10135bc7","9.url.cn/qun/admin/mcreatev3/img/34fcc_cate-icons.png":"03e0a0f9f19c5fb0d65151fc9f16f86f6432933f","9.url.cn/qun/admin/mcreatev3/img/3ee1a_aio.png":"58a3fbe42a0ca6536af70757d5350c2578182667"}