{
  "2920": {
    "desc": "极致黑",
    "defaultColor": "#000000",
    "textPlist": {
      "skin_refresh_background.xml": "#000000",
      "skin_color_aio_title_bar.xml": "#000000",
      "album_list_mask_color.xml": "#000000",
      "common_photo_list_panel_button.xml": "#666666,#ffffff,#ffffff",
      "color_dialog_text.xml": "#ffffff",
      "emo_tabitem_divider2.xml": "#000000",
      "emoview_aio_bottom_tab_bkg.xml": "#ff000000",
      "emoview_aio_emoji_bkg.xml": "#ff000000",
      "emoview_aio_guide_bg_color.xml": "#000000",
      "emoview_aio_guide_stroke_color.xml": "#ff363636",
      "extension_pop_menu_item_selector.xml": "#ff1c1c1c",
      "skin_photo_list_title_bg.xml": "#262626",
      "intimate_relationship_guimi_add_friend_text_color.xml": "#ff9d551c",
      "intimate_relationship_guimi_text_color.xml": "#ffb2601f",
      "intimate_relationship_jiyou_add_friend_text_color.xml": "#ff0d5dab",
      "intimate_relationship_jiyou_text_color.xml": "#ff1966b2",
      "intimate_relationship_lover_add_friend_text_color.xml": "#ff9c3c5e",
      "intimate_relationship_lover_text_color.xml": "#ffb24d71",
      "intimate_relationship_text_color.xml": "#ffffffff",
      "intimate_relationship_text_gray_color.xml": "#ff999999",
      "price_setting_dialog_goldmsg_bg.xml": "#ff0e0e0e",
      "qav_keyboard_btn.xml": "#ff0e0e0e",
      "qav_keyboard_letter_color.xml": "#ffa8a8a8",
      "qav_keyboard_number_color.xml": "#ffa8a8a8",
      "qav_t9_activity_background.xml": "#ff000000",
      "qb_pubaccount_custom_menu_text.xml": "#ff757575,#ff757575,#ffa8a8a8",
      "qb_troop_notification_bar_hot_chat_text_color.xml": "#ff004080",
      "qb_troop_notification_bar_other_text_color.xml": "#ff004080",
      "qb_troop_notification_bar_unread_text__color.xml": "#ff004080",
      "qb_troop_notification_bar_unread_text_color.xml": "#ff004080",
      "qq_dating_text_aa_color.xml": "#ffa8a8a8",
      "qq_dating_text_ipay_color.xml": "#ffa8a8a8",
      "qq_dating_text_youpay_color.xml": "#ffa8a8a8",
      "qq_profilecard_btns_divider.xml": "#ff202020",
      "qq_profilecard_voice_circle_dark.xml": "#ff0e0e0e",
      "qq_profilecard_voice_circle_playing.xml": "#000000",
      "qq_setting_item_bg_nor.xml": "#ff000000",
      "qq_setting_item_bg_pre.xml": "#ff0d0d0d",
      "qq_setting_me_item_title_color.xml": "#ffffffff",
      "qq_setting_me_nightmode_color.xml": "#ffffffff,#ffffffff,#ffffffff",
      "qq_setting_me_nightmode_color_white.xml": "#ffa8a8a8",
      "qq_setting_me_sig_color.xml": "#ff98989f",
      "qq_setting_me_title_color.xml": "#ffffffff",
      "qq_xlist_view_divider_color.xml": "#000000",
      "qvip_emoji_tabitem_normal.xml": "#ffa8a8a8",
      "qvip_emoji_tabitem_selected.xml": "#ff282828",
      "qzone_skin_album_main_text_color.xml": "#ffffffff",
      "qzone_skin_album_sub_text_color.xml": "#9aebebf5",
      "qzone_skin_bg_plusmenu_color.xml": "#000000",
      "qzone_skin_color_black_for_new_publish_mood.xml": "#ffffffff",
      "qzone_skin_color_tab_egg_photos_bg.xml": "#ff282828",
      "qzone_skin_color_tab_egg_photos_tip.xml": "#ffffffff",
      "qzone_skin_comment_divide_color.xml": "#ff282828",
      "qzone_skin_comment_text_private_color.xml": "#ffffffff",
      "qzone_skin_comment_top_divide_color.xml": "#ff1a1a1a",
      "qzone_skin_common_black2white_color.xml": "#ffffffff",
      "qzone_skin_common_gray2gray_color.xml": "#9aebebf5",
      "qzone_skin_common_gray2white_color.xml": "#ffffffff",
      "qzone_skin_common_page_background_color.xml": "#ff030303",
      "qzone_skin_common_white2black_color.xml": "#ff000000",
      "qzone_skin_common_white2gray_color.xml": "#ff282828",
      "qzone_skin_divider_line_top.xml": "#ff000000",
      "qzone_skin_emo_item_normal.xml": "#ff282828",
      "qzone_skin_emo_item_pressed.xml": "#000000",
      "qzone_skin_feed_background_color.xml": "#ff000000",
      "qzone_skin_feed_color_b1.xml": "#ff282828",
      "qzone_skin_feed_content_text_color.xml": "#ffffffff",
      "qzone_skin_feed_gap_color.xml": "#ff030303",
      "qzone_skin_feed_input_box_bg_color.xml": "#000000",
      "qzone_skin_feed_input_box_hint_color.xml": "#ff8e8e93",
      "qzone_skin_feed_input_panel_bg_color.xml": "#ff000000",
      "qzone_skin_feed_memory_seal_bar_bg.xml": "#000000",
      "qzone_skin_feed_menu_bg_clicked.xml": "#ff1d1d1d",
      "qzone_skin_feed_menu_bg_normal.xml": "#ff282828",
      "qzone_skin_feed_on_bg_background.xml": "#ffffffff",
      "qzone_skin_feed_operation_line_color.xml": "#ff1a1a1a",
      "qzone_skin_feed_qq_story_banner_item_decoration_color.xml": "#ff0071ff",
      "qzone_skin_feed_qui_main_button_clicked.xml": "#ff13508f",
      "qzone_skin_feed_qui_main_button_normal.xml": "#ff0071ff",
      "qzone_skin_feed_qui_main_button_unable.xml": "#ff9bc7ff",
      "qzone_skin_feed_qui_second_button_clicked.xml": "#ffd4d6dc",
      "qzone_skin_feed_qui_second_button_normal.xml": "#ff282828",
      "qzone_skin_feed_qui_second_button_on_bg_clicked.xml": "#ff13508f",
      "qzone_skin_feed_qui_second_button_on_bg_normal.xml": "#ff0071ff",
      "qzone_skin_feed_qui_second_button_on_bg_unable.xml": "#ff9bc7ff",
      "qzone_skin_feed_qui_second_button_unable.xml": "#ffb0b3bf",
      "qzone_skin_feed_qui_third_button_clicked.xml": "#ff000000",
      "qzone_skin_feed_qui_third_button_normal.xml": "#ff000000",
      "qzone_skin_feed_qui_third_button_unable.xml": "#ff5e5e5e",
      "qzone_skin_feed_second_background_color.xml": "#000000",
      "qzone_skin_feed_second_content_text_color.xml": "#99ebebf5",
      "qzone_skin_feed_split_line_color.xml": "#ff1a1a1a",
      "qzone_skin_feed_story_banner_item_decoration_color.xml": "#ff0071ff",
      "qzone_skin_feed_story_feed_item_decoration_color.xml": "#000000",
      "qzone_skin_feed_story_feed_item_decoration_stress_color.xml": "#ff0071ff",
      "qzone_skin_feed_text_link_color.xml": "#ffe1eefd",
      "qzone_skin_feed_text_link_dark_color.xml": "#ffe1eefd",
      "qzone_skin_font_panel_background_color.xml": "#ff282828",
      "qzone_skin_font_panel_default_item_text_color.xml": "#ffa8a8a8",
      "qzone_skin_font_panel_effect_btn_enable_bg_color.xml": "#ff0071ff",
      "qzone_skin_font_panel_effect_btn_text_color.xml": "#ffffffff",
      "qzone_skin_font_panel_effect_btn_unable_bg_color.xml": "#ff000000",
      "qzone_skin_font_panel_effect_item_color.xml": "#000000",
      "qzone_skin_font_panel_effect_text_color.xml": "#ffa8a8a8",
      "qzone_skin_font_panel_item_name_background_color.xml": "#000000",
      "qzone_skin_font_panel_item_name_text_color.xml": "#ffa8a8a8",
      "qzone_skin_font_panel_tab_btn_text_color.xml": "#99ebebf5,#ffffffff,#ffffffff",
      "qzone_skin_homepage_timeline_bg_color.xml": "#ff282828",
      "qzone_skin_homepage_timeline_text_color_normal.xml": "#99ebebf5",
      "qzone_skin_homepage_timeline_text_color_selected.xml": "#ff0071ff",
      "qzone_skin_homepanel_divide_color.xml": "#ff030303",
      "qzone_skin_homepanel_text_main_color.xml": "#ffffffff",
      "qzone_skin_homepanel_text_second_color.xml": "#90ebebf5",
      "qzone_skin_local_p_v_memory_container_divide.xml": "#ff333333",
      "qzone_skin_mood_shortcut_name.xml": "#9aebebf5",
      "qzone_skin_moodlistbanner_text_blue_color.xml": "#ff0073ff",
      "qzone_skin_more_menu_background.xml": "#ff282828",
      "qzone_skin_more_menu_item_background.xml": "#000000",
      "qzone_skin_navigator_black_color.xml": "#ffffffff",
      "qzone_skin_navigator_days_color.xml": "#999999",
      "qzone_skin_navigator_white_color.xml": "#ff000000",
      "qzone_skin_summarypanel_bg_color.xml": "#ff000000",
      "qzone_skin_summarypanel_name_color.xml": "#ffffffff",
      "qzone_skin_summarypanel_num_color.xml": "#ffffffff",
      "qzone_skin_widget_tab_nornal_bg.xml": "#000000",
      "qzone_skin_widget_tab_selected_bg.xml": "#000000",
      "skin_account_panel_add_text_color.xml": "#ff004080",
      "skin_activate_tips.xml": "#ff0e0e0e",
      "skin_aio_at_white.xml": "#000000",
      "skin_aio_at_white_for_theme.xml": "#000000",
      "skin_aio_input_button.xml": "#ffa8a8a8",
      "skin_aio_input_gag_btn_text_color.xml": "#ff004080",
      "skin_aio_listen_together_black.xml": "#ffffffff",
      "skin_aio_listen_together_blue.xml": "#ff0071ff",
      "skin_aio_listen_together_grey.xml": "#7fffffff",
      "skin_aio_send_button.xml": "#32ffffff,#ffffffff,#FFFFFF",
      "skin_album_list_bg.xml": "#000000",
      "skin_audio_panel_ring_color.xml": "#ff0054ae",
      "skin_audio_panel_select_type.xml": "#999999",
      "skin_audio_panel_unselect_type.xml": "#666666",
      "skin_audio_panel_volumn_change.xml": "#ff424448",
      "skin_audio_panel_volumn_change_bg.xml": "#000000",
      "skin_bar_btn.xml": "#ffffff,#ffffff,#ffffff,#ffffff,#ffffff",
      "skin_bar_text.xml": "#ffffffff",
      "skin_sub_title_text.xml": "#999999",
      "skin_before_enter.xml": "#000000",
      "skin_black.xml": "#ffffffff,#ffffffff",
      "skin_black2.xml": "#999999",
      "skin_black_simple": "#ffffffff,#ffffffff",
      "forward_dialog_new_black.xml": "#000000",
      "skin_black_group_item.xml": "#ffa8a8a8",
      "skin_black_group_item_theme_version2.xml": "#ffa8a8a8",
      "skin_black_item.xml": "#ff1c1c1c,#ff1c1c1c,#ff1c1c1c,#ffa8a8a8",
      "skin_black_theme_version2.xml": "#ffffffff,#ffffff",
      "skin_blue.xml": "#ffa8a8a8,#ffa8a8a8",
      "skin_blue_item.xml": "#19467F,#19467F,#19467F,#0066cc",
      "skin_blue_link.xml": "#ff4b4b4b",
      "skin_blue_title_bar_white_bg.xml": "#ff7c9cc2",
      "skin_blue_title_bar_white_bg_black_text.xml": "#ffffffff",
      "skin_blue_title_bar_white_bg_black_text_thirty_alpha.xml": "#33ffffff",
      "skin_button.xml": "#ff3a3a3a",
      "skin_chat_buble.xml": "#ffffffff",
      "skin_chat_buble_link.xml": "#ff0071ff",
      "skin_chat_buble_link_mine.xml": "#ff0071ff",
      "skin_chat_buble_mine.xml": "#ffffffff",
      "skin_chat_nick.xml": "#99a8a8a8",
      "skin_color_btn_blue_v2.xml": "#7f4d94ff,#ff4d94ff",
      "skin_color_businesscard_list_bg.xml": "#ff0e0e0e",
      "skin_color_button.xml": "#ffffffff",
      "skin_color_button_blue.xml": "#999999,#ffffff",
      "skin_blue2.xml": "#1a1a1a,#262626",
      "skin_color_button_blue_local_albums.xml": "#999999,#ffffff",
      "skin_color_button_common_white.xml": "#33ffffff,#ffffffff",
      "skin_color_button_light_blue.xml": "#ffffffff,#ffffffff,#ffffffff",
      "skin_color_button_red.xml": "#ff431822,#ff662333,#ff852f44",
      "skin_color_button_white.xml": "#ff6a82a5,#ff6a82a5,#ff6a82a5",
      "skin_color_intimate_relationship_multicard_root_empty_bg.xml": "#ff000000",
      "skin_color_intimate_relationship_multicard_root_empty_rect.xml": "#ff161616",
      "skin_color_intimate_relationship_multicard_title.xml": "#ffffffff",
      "skin_color_online_friends_bg.xml": "#ff051121",
      "skin_color_online_friends_text.xml": "#80a8a8a8,#80a8a8a8,#80a8a8a8,#ffa8a8a8",
      "skin_color_qq_screen_shot_black_text.xml": "#ffa8a8a8",
      "skin_color_qq_screen_shot_gray_text.xml": "#ff999999",
      "skin_color_title_immersive_bar.xml": "#ff000000",
      "skin_color_title_right_text.xml": "#ffffff,#ffffff,#ffffff,#ffffff",
      "skin_color_white.xml": "#ff282828",
      "skin_color_ff000000.xml": "#ffffff,#ffffff",
      "skin_color_ff3b7fe5.xml": "#c3801a",
      "skin_color_ffe6e6e6.xml": "#1a1a1a",
      "skin_color_ff999999.xml": "#999999",
      "skin_color_wt_editor_text.xml": "#ffffffff",
      "skin_color_wt_full_screen_btn_text.xml": "#ffd0d0d0",
      "skin_color_wt_page_title.xml": "#ffffffff",
      "skin_color_wt_participants.xml": "#999999",
      "skin_dark_gray.xml": "#ffa8a8a8",
      "skin_dark_gray_item.xml": "#80a8a8a8,#80a8a8a8,#80a8a8a8,#ffa8a8a8",
      "skin_dialog_gray.xml": "#ff000000",
      "skin_face_wrapper.xml": "#ffffffff",
      "skin_file_download_circlce_bg_color.xml": "#ff383838",
      "skin_file_download_circlce_bg_press_color.xml": "#ff292929",
      "skin_file_download_circlce_rate_bg_color.xml": "#00000000",
      "skin_file_download_circlce_rate_color.xml": "#ff004080",
      "skin_file_download_circlce_rate_pause_color.xml": "#ff383838",
      "skin_file_download_circlce_rate_press_color.xml": "#ff292929",
      "skin_float_btn.xml": "#ffffff,#ffffff,#ffffff,#ffffff,#ffffff",
      "skin_gray1.xml": "#ff757575",
      "skin_gray1_item.xml": "#ff757575,#ff757575,#ff757575,#ff757575",
      "skin_gray2.xml": "#999999",
      "skin_gray2_item.xml": "#ff656565,#ff656565,#ff656565,#999999",
      "skin_gray2_item_no_state.xml": "#999999",
      "skin_gray2_theme_version2.xml": "#999999",
      "skin_gray3.xml": "#ff757575",
      "skin_gray3_item.xml": "#ff757575,#ff757575,#ff757575,#ff757575",
      "skin_gray4_item.xml": "#ff757575,#ff757575,#ff757575,#ff757575",
      "skin_gray7.xml": "#ff656565",
      "skin_gray8.xml": "#ffdddddd",
      "skin_gray_group_item.xml": "#ff999999",
      "skin_green_item.xml": "#ffffffff,#ffffffff,#ffffffff,#ff5bb26e",
      "skin_hint_input.xml": "#ff333333",
      "skin_poke_tab_item_select.xml": "#151515",
      "skin_hint_input_theme_version2.xml": "#ff5e5e5e",
      "skin_input.xml": "#ffa8a8a8",
      "skin_input_theme_version2.xml": "#ff8e8e93",
      "skin_leba_entry_line.xml": "#ff202020",
      "skin_menu.xml": "#ff808080,#ff808080,#ff808080,#ffffffff",
      "skin_mode_bg_color.xml": "#1f1f1f",
      "skin_mode_normal_border_color.xml": "#1f1f1f",
      "skin_mode_selected_border_color.xml": "#ff0a84fe",
      "skin_notification.xml": "#ffffffff",
      "skin_online_status_link_color.xml": "#ff0071ff",
      "skin_options_bar_item.xml": "#ffa8a8a8",
      "skin_over_header.xml": "#ff656565",
      "skin_color_ffcccccc.xml": "#666666",
      "skin_press_after_enter_left.xml": "#ff008241",
      "skin_press_after_enter_right.xml": "#ffa42c38",
      "skin_profile_title_name.xml": "#ffffffff",
      "skin_ptv_mask_color.xml": "#ff151515",
      "skin_hot_pic_indicator_color.xml": "#737373,#737373",
      "skin_hot_pic_text_color.xml": "#737373,#737373",
      "skin_qq_aio_listentogether_background.xml": "#ff171717,#ff000000",
      "skin_qq_aio_listentogether_join_btn.xml": "#ff004080,#ff003870",
      "skin_qq_aio_multi_bottom_icon_area_color.xml": "#ff000000",
      "skin_qq_conversation_unread_gray_text_color.xml": "#ffffffff",
      "skin_qq_conversation_unread_red_text_color.xml": "#ffffffff",
      "skin_qq_setting_deep_clean.xml": "#0066cc",
      "skin_qq_setting_my_story_bg_color.xml": "#1affffff",
      "skin_qq_setting_my_story_bg_stroke_color.xml": "#00ffffff",
      "skin_qq_setting_my_story_text_color.xml": "#999999",
      "skin_qvip_nearby_horn_btn_text.xml": "#ffa8a8a8",
      "skin_qvip_nearby_horn_dark_gray.xml": "#ffa8a8a8",
      "skin_qvip_nearby_horn_gray2.xml": "#ff656565",
      "skin_red.xml": "#ffdb2a2a",
      "skin_red_item.xml": "#ffffffff,#ffffffff,#ffffffff,#ff790000",
      "skin_red_theme_version2.xml": "#ff993232",
      "skin_search_button.xml": "#ff004080",
      "skin_search_button_theme_version2.xml": "#ff004080",
      "skin_slide_tab.xml": "#ffa8a8a8,#ffa8a8a8",
      "skin_slidetab_spliter_line_color.xml": "#ffd1d1d1",
      "skin_text_black.xml": "#ffffffff",
      "skin_poke_tab_bg.xml": "#000000",
      "skin_text_white.xml": "#ff333333",
      "skin_tips.xml": "#ff171717",
      "skin_title_segment_item_color.xml": "#ffa8a8a8,#ffa8a8a8,#ffa8a8a8,#ffa8a8a8,#ffa8a8a8",
      "skin_title_tab_item_text_color.xml": "#ff000000",
      "skin_unite_search_text_black_000000_6991b8.xml": "#ffffffff",
      "skin_unite_search_text_gray_777777_44608a.xml": "#ff656565",
      "skin_unite_search_text_gray_bbbbbb_717d86.xml": "#ff656565",
      "skin_unite_search_text_gray_ececec_051020.xml": "#ff051020",
      "skin_unite_search_text_gray_f2f2f2_051020.xml": "#ff051020",
      "skin_white.xml": "#ff7f7f7f",
      "skin_wt_alert_word_color.xml": "#ffffffff",
      "skin_wt_edittext_bg.xml": "#ff000000",
      "skin_wt_saving_anim_white.xml": "#ffffffff",
      "skin_wt_template_divider.xml": "#ff2c2c2c",
      "skin_wt_template_entrance_bg.xml": "#ff2c2c2c",
      "skin_wt_template_item_bg_noselected.xml": "#ff1c1d1e",
      "skin_wt_template_item_bg_selected.xml": "#ff0983ff",
      "skin_wt_template_layer_bg.xml": "#ff282828",
      "text_black_venue.xml": "#ffffffff",
      "text_color_searchkeyword.xml": "#ff004080,#ff004080,#ff004080",
      "troop_aiosm_background_color.xml": "#ff0f0f0f",
      "troop_aiosm_content_color.xml": "#ff656565",
      "troop_aiosm_title_color.xml": "#ffa8a8a8",
      "qq_status_card_background.xml": "#282828",
      "qq_xlist_view_divider.xml": "#000000",
      "bg_texture.xml": "#010101",
      "skin_divider_color.xml": "#1a1a1a",
      "chat_bg_texture.xml": "#010101",
      "skin_qq_setting_bg_texture.xml": "#010101",
      "skin_simple_title_segment_item_color.xml": "#FFFFFF,#FFFFFF,#FFFFFF,#FFFFFF,#FFFFFF",
      "skin_color_forward_dialog_new_version_editbox_bg.xml": "#666666",
      "skin_color_forward_dialog_divider.xml": "#666666",
      "skin_color_indicator.xml": "#0066CC"
    },
    "drawableFilterList": {
      "skin_tab_icon_conversation_selected_simple.png": "#0066CC",
      "skin_tab_icon_contact_selected_simple.png": "#0066CC",
      "skin_tab_icon_plugin_selected_simple.png": "#0066CC",
      "skin_tab_icon_wezone_selected_simple.png": "#0066CC",
      "skin_tab_icon_see_selected_simple.png": "#0066CC",
      "skin_tab_icon_guild_selected_simple.png": "#0066CC",
      "skin_tab_icon_conversation_normal_simple.png": "#999999",
      "skin_tab_icon_contact_normal_simple.png": "#999999",
      "skin_tab_icon_plugin_normal_simple.png": "#999999",
      "skin_tab_icon_wezone_normal_simple.png": "#999999",
      "skin_tab_icon_see_normal_simple.png": "#999999",
      "skin_tab_icon_guild_normal_simple.png": "#999999",
      "album_list_mask.xml": "#000000",
      "bg_texture_theme_version2.xml": "#000000",
      "skin_item_sticky_normal.9.png": "#1a1a1a",
      "skin_item_sticky_pressed.9.png": "#262626",
      "chat_bg_texture.xml": "#010101",
      "qq_status_card_background.xml": "#282828",
      "qq_xlist_view_divider.xml": "#000000",
      "account_panel_bg.9.png": "#171717",
      "account_panel_list_item_normal.9.png": "#141414",
      "account_panel_line.png": "#171717",
      "account_panel_list_item_pressed.9.png": "#000000",
      "chat_bubble_thumbnail_0.png": "#000000",
      "chat_bubble_thumbnail.png": "#000000",
      "add_friend_add_contact_scan.png": "#94949a",
      "face2face_add_contact_enter_icon.png": "#94949a",
      "add_friend_connections_exploration.png": "#94949a",
      "add_friend_face_to_face_troop.png": "#94949a",
      "add_icon_sharephoto.png": "#c3c3c3",
      "aio_add_friend_icon.png": "#999999",
      "aio_add_friend_default_icon_press.png": "#999999",
      "aio_add_friend_default_icon.png": "#999999",
      "aio_shield_friend_default_icon_press.png": "#999999",
      "chat_icon_pconline.png": "#929298",
      "chat_item_for_poke_friend.png": "#929298",
      "chat_item_for_poke_self.png": "#929298",
      "aio_emoticon_preview_bg.9.png": "#232323",
      "aio_emoticon_preview_triangle_bg.png": "#232323",
      "aio_face_bg.9.png": "#232323",
      "aio_face_favorite_default.png": "#999999",
      "aio_face_indicator_current.png": "#a1a1a1",
      "aio_face_indicator.png": "#cfcfcf",
      "aio_face_tab_bg.9.png": "#2a2a2a",
      "aio_face_tab_line_press_pre.png": "#989898",
      "aio_head_twocall_press.png": "#e3e3e3",
      "aio_head_twocall.png": "#e3e3e3",
      "arrow_conversation_status.png": "#999999",
      "aio_market_face_progressbar_bg.9.png": "#e8e8e8",
      "aio_market_face_progressbar_current.9.png": "#b6d871",
      "aio_msg_share_location_dark_disabled.png": "#d5d5d5",
      "aio_msg_share_location_dark.png": "#acacac",
      "aio_msg_share_location_disabled_self.png": "#ffffff",
      "aio_msg_share_location_disabled.png": "#d5f4fe",
      "aio_msg_share_location_self.png": "#ffffff",
      "aio_msg_share_location.png": "#63c8f7",
      "aio_panel_file_nor.png": "#909095",
      "qvip_emoji_tab_merge_entry_more_normal.png": "#999999",
      "qvip_emoji_tab_merge_entry_more_pressed.png": "#19467F",
      "aio_panel_file_press.png": "#4086f6",
      "aio_panel_hotpic_nor.png": "#96969c",
      "aio_panel_mypc_nor.png": "#909095",
      "aio_panel_mypc_press.png": "#4086f6",
      "aio_panel_scribble_normal.png": "#a9a9a9",
      "aio_panel_video_file_nor.png": "#858585",
      "aio_panel_video_file_press.png": "#244f94",
      "aio_photo_list_triangle.png": "#999999",
      "aio_receipt_message_plus_panel_icon.png": "#a8a8a8",
      "aio_search_chat_item_icon_pre.png": "#e4e4e6",
      "aio_sheild_friend_btn.9.png": "#1a1a1a",
      "aio_search_chat_item_icon.png": "#9d9da4",
      "aio_shield_friend_icon.png": "#999999",
      "aio_cancel_friend_icon.png": "#999999",
      "aio_wt_tail_bg_show.9.png": "#ffffff",
      "apollo_aio_panel_icon.png": "#a8a8a8",
      "chat_share_card.png": "#a8a8a8",
      "chat_tool_audio_group_broadcast.png": "#a8a8a8",
      "chat_tool_audio.png": "#a8a8a8",
      "chat_tool_camera.png": "#a8a8a8",
      "chat_tool_group_charge_money.png": "#a8a8a8",
      "chat_tool_group_check_in.png": "#a8a8a8",
      "chat_tool_hongbao.png": "#a8a8a8",
      "chat_tool_listentogether.png": "#a8a8a8",
      "chat_tool_location.png": "#a8a8a8",
      "chat_tool_music.png": "#a8a8a8",
      "chat_tool_ocr_card.png": "#a8a8a8",
      "chat_tool_photo.png": "#a8a8a8",
      "chat_tool_poke.png": "#a8a8a8",
      "chat_tool_public_account_pic.png": "#a8a8a8",
      "chat_tool_send_file.png": "#a8a8a8",
      "chat_tool_send_tencentdoc.png": "#a8a8a8",
      "chat_tool_share_card.png": "#a8a8a8",
      "chat_tool_transfer.png": "#a8a8a8",
      "chat_tool_video.png": "#a8a8a8",
      "chat_tool_aa_shoukuan.png": "#a8a8a8",
      "apollo_hot_chat_game_arr.png": "#1b417c",
      "aio_face_tab_pressed_bg.9.png": "#202020",
      "chatoption_item_add.png": "#737373",
      "chatoption_item_add_pressed.png": "#737373",
      "color_note_settings.png": "#898989",
      "com_tencent_open_qz_icon_refresh.png": "#737373",
      "common_add_emoji_disable.png": "#515154",
      "common_add_emoji_normal.png": "#999999",
      "common_alert_bg.9.png": "#171717",
      "common_btn_share_more.png": "#999999",
      "common_btn_small_blue_pressed_no_skin.9.png": "#a9a9a9",
      "common_btn_small_blue_unpressed_no_skin.9.png": "#222222",
      "common_delete_gray_disable.png": "#c6c6c9",
      "common_delete_gray_normal.png": "#999999",
      "common_download_gray_normal.png": "#999999",
      "common_download_gray_pressed.png": "#c6c6c9",
      "common_essence_msg_disable.png": "#e9e9ea",
      "common_essence_msg_normal.png": "#999999",
      "common_expression_gray_disable.png": "#c6c6c9",
      "common_expression_gray_normal.png": "#999999",
      "common_favorite_gray_normal.png": "#999999",
      "common_favorite_gray_press.png": "#c6c6c9",
      "common_forward_gray_disable.png": "#c6c6c9",
      "common_forward_gray_normal.png": "#999999",
      "common_forward_normal.png": "#999999",
      "common_forward_pressed.png": "#c6c6c9",
      "common_general_mode_setting_normal.png": "#4b4b4e",
      "common_icon_more.png": "#8c8c8c",
      "common_list_entry_disabled.png": "#0a0a0a",
      "common_list_entry_pressed.9.png": "#ffffff",
      "common_longshot_normal.png": "#999999",
      "common_strip_setting_bg_no_divider_normal.9.png": "#ffffff",
      "common_strip_setting_bg_no_divider_pressed.9.png": "#171717",
      "common_strip_setting_middle_indent_normal.9.png": "#000000",
      "common_strip_setting_middle_indent_pressed.9.png": "#000000",
      "common_tips_arrow_blue.png": "#909090",
      "common_weiyun_gray_disable.png": "#c6c6c9",
      "common_weiyun_gray_normal.png": "#999999",
      "conversation_bg_gezi.png": "#333333",
      "conversation_facetoface_qr.png": "#999999",
      "conversation_options_addmember.png": "#999999",
      "conversation_options_av_game.png": "#999999",
      "conversation_options_bg.9.png": "#171717",
      "conversation_options_bottom_pressed.9.png": "#262626",
      "conversation_options_camera.png": "#999999",
      "conversation_options_charge.png": "#999999",
      "conversation_options_charge_icon.png": "#999999",
      "conversation_options_limit_chat.png": "#999999",
      "conversation_options_mini_app.png": "#999999",
      "conversation_options_multiaudio.png": "#999999",
      "conversation_options_multichat.png": "#999999",
      "conversation_options_qq_live.png": "#999999",
      "conversation_options_qr.png": "#999999",
      "conversation_options_richstatus.png": "#999999",
      "conversation_options_saoyisao.png": "#999999",
      "conversation_options_secretfile.png": "#999999",
      "conversation_options_share_photo.png": "#999999",
      "conversation_options_top_pressed.9.png": "#262626",
      "conversation_options_transferfiles.png": "#999999",
      "conversation_unsend_icon.png": "#999999",
      "cross.png": "#ffffff",
      "cross_theme_version2.png": "#999999",
      "simple_ui_input_pic.png": "#999999",
      "simple_ui_input_camera.png": "#999999",
      "simple_ui_input_emo.png": "#999999",
      "dataline_info.png": "#d8d8d8",
      "date_over_icon.png": "#adadad",
      "doodle_title_current.png": "#616161",
      "emoticon_guide_bubble_arrow.png": "#000000",
      "extension_qrcode_guide_logo.png": "#d8d8d8",
      "favorite_add.png": "#999999",
      "friends_btn_add_nor.png": "#999999",
      "friends_btn_add_pre.png": "#c8c8c8",
      "header_btn_add_nor.png": "#999999",
      "header_btn_add_pre.png": "#c8c8c8",
      "header_btn_more.png": "#999999",
      "header_btn_more_nor.png": "#999999",
      "header_btn_more_pre.png": "#c8c8c8",
      "icon_delete_normal.png": "#999999",
      "icon_delete_press.png": "#c8c8c8",
      "icon_feeddetail_collect_clicked.png": "#999999",
      "icon_setup.png": "#999999",
      "icon_setup_normal.png": "#999999",
      "icon_setup_press.png": "#c8c8c8",
      "ie_arrow1_disable.png": "#d5d5d5",
      "ie_arrow1_normal.png": "#737373",
      "ie_arrow1_press.png": "#9d9d9d",
      "ie_arrow_disable.png": "#d5d5d5",
      "ie_arrow_normal.png": "#737373",
      "ie_arrow_press.png": "#9d9d9d",
      "ie_refreash_disable.png": "#d5d5d5",
      "ie_refreash_normal.png": "#737373",
      "ie_refreash_press.png": "#9d9d9d",
      "input_box_bg.9.png": "#111111",
      "common_blue_bottom_dialog_checked_icon.9.png": "#0066cc",
      "intimate_relation_menu_icon.png": "#999999",
      "intimate_relationship_arrow.png": "#999999",
      "intimate_relationship_back_btn.9.png": "#999999",
      "intimate_relationship_card_item.9.png": "#171717",
      "intimate_relationship_friend_mark_bg.9.png": "#363636",
      "intimate_relationship_friend_source.9.png": "#171717",
      "intimate_relationship_guimi_bg.png": "#808080",
      "intimate_relationship_guimi_source.9.png": "#171717",
      "intimate_relationship_jiyou_bg.png": "#808080",
      "intimate_relationship_jiyou_source.9.png": "#171717",
      "intimate_relationship_lover_bg.png": "#808080",
      "intimate_relationship_lover_source.9.png": "#171717",
      "intimate_relationship_memory_bg.9.png": "#171717",
      "intimate_relationship_multicard_container_bg.png": "#171717",
      "intimate_relationship_normal_bg.png": "#808080",
      "intimate_relationship_score_bg.9.png": "#030303",
      "lbs_menu_arrow.png": "#999999",
      "lbs_menu_arrow_pressed.png": "#d1d1d4",
      "lbs_shield.png": "#999999",
      "leba_setting_nor.png": "#999999",
      "leba_setting_pressed.png": "#d1d1d4",
      "list_checkbox.png": "#131313",
      "location_float_avatar_bg_blue.png": "#6296f8",
      "location_float_avatar_bg_orange.png": "#efa254",
      "location_head_bg.png": "#dedee1",
      "location_my_black.png": "#131313",
      "location_my_black_dark.png": "#999999",
      "location_my_blue.png": "#63c8f7",
      "location_navigation_bike_blue.png": "#ffffff",
      "location_navigation_bike_gray.png": "#999999",
      "skin_mini_msg_aio_right_to_main.png": "#999999",
      "skin_header_bar_mini_close.png": "#999999",
      "location_navigation_bus_blue.png": "#ffffff",
      "location_navigation_bus_gray.png": "#999999",
      "location_navigation_drive_blue.png": "#ffffff",
      "location_navigation_drive_gray.png": "#999999",
      "location_navigation_icon.png": "#ffffff",
      "location_navigation_walk_blue.png": "#ffffff",
      "location_navigation_walk_gray.png": "#999999",
      "location_route_close.png": "#999999",
      "location_venue_delete.png": "#ffffff",
      "location_venue_marker.png": "#e9656e",
      "location_venue_pick.png": "#e9656e",
      "location_venue_track.png": "#ffffff",
      "logininfo_pc.png": "#999999",
      "logininfo_phone.png": "#999999",
      "mini_msg_float_icon_bottom.png": "#999999",
      "mini_msg_float_icon_top.png": "#999999",
      "mini_msg_float_view_top_white.png": "#999999",
      "more_btn_add_nor.png": "#999999",
      "more_btn_add_pre.png": "#c8c8c8",
      "mqz_aoi_bar.png": "#1c1c1c",
      "msg_back_up_complete.png": "#4c958a",
      "msg_back_up_error.png": "#a2464c",
      "msg_back_up_migrate.png": "#535765",
      "msg_back_up_migrate_receive.png": "#535765",
      "msg_back_up_migrate_send.png": "#535765",
      "msg_back_up_pc_to_phone.png": "#535765",
      "msg_back_up_phone_to_pc.png": "#535765",
      "msg_back_up_warning.png": "#535765",
      "narrow.png": "#999999",
      "narrow_pressed.png": "#b9b9b9",
      "nearby_people_list_vote.png": "#999999",
      "nearby_profilecard_qzone_btn.png": "#999999",
      "nearby_profilecard_rightbtn_more.png": "#999999",
      "nmode_loading.png": "#999999",
      "online_status_exit_account_nor.png": "#999999",
      "online_status_exit_account_pre.png": "#c6c6c9",
      "phone_chat_normal.png": "#999999",
      "phone_chat_pressed.png": "#c6c6c9",
      "phone_chat_reverse.png": "#999999",
      "pic_icon_edit_disable.png": "#ababaf",
      "pic_icon_edit_normal.png": "#999999",
      "pic_icon_edit_pressed.png": "#c6c6c9",
      "plugin_foot.png": "#999999",
      "qapp_center_icon_refresh_normal.png": "#999999",
      "qapp_center_icon_refresh_press.png": "#c6c6c9",
      "qapp_center_icon_search_normal.png": "#999999",
      "qapp_center_icon_search_press.png": "#c6c6c9",
      "qav_audio_icon_missed.png": "#c73b36",
      "qav_audio_icon_normal.png": "#c6c6c9",
      "qav_audio_icon_self_normal.png": "#ffffff",
      "qav_gaudio_join.png": "#98ca43",
      "qav_group_video_icon_normal.png": "#999999",
      "qav_group_video_icon_self_normal.png": "#999999",
      "qav_recent_call_entry_video_nor.png": "#999999",
      "qav_recent_call_entry_video_pre.png": "#c6c6c9",
      "qav_video_icon_missed.png": "#c73b36",
      "qav_video_icon_normal.png": "#c6c6c9",
      "qav_video_icon_self_normal.png": "#ffffff",
      "qb_active_search_bar.9.png": "#0f0f0f",
      "qb_active_search_button_normal.9.png": "#0f0f0f",
      "qb_active_search_button_press.9.png": "#090909",
      "qb_arrow_down.png": "#999999",
      "qb_arrow_up.png": "#999999",
      "common_tips_arrow_gray.png": "#999999",
      "common_tips_bg_blue.9.png": "#1a1a1a",
      "qb_group_add_group.png": "#999999",
      "qb_group_app.png": "#999999",
      "qb_group_app_activity.png": "#999999",
      "qb_group_menu_add_group.png": "#c6c6c9",
      "qb_group_menu_create_activity.png": "#999999",
      "qb_group_menu_create_discussion.png": "#999999",
      "qb_group_menu_create_group.png": "#999999",
      "qb_group_menu_groupmsg_setting.png": "#999999",
      "qb_group_menu_no_cancel_top.png": "#999999",
      "qb_group_menu_no_top.png": "#999999",
      "qb_group_menu_search_group.png": "#999999",
      "qb_group_request_divider.png": "#b2b2b2",
      "qb_group_toupiao.png": "#999999",
      "qb_group_troop_bar_pulish_add_bt_common.png": "#999999",
      "qb_group_troop_bar_pulish_add_bt_disable.png": "#c6c6c9",
      "qb_group_troop_bar_pulish_add_bt_pressed.png": "#c6c6c9",
      "qb_group_upload_select_file.png": "#999999",
      "qb_group_upload_select_photo.png": "#999999",
      "qb_group_upload_select_video.png": "#999999",
      "qb_hc_test.png": "#999999",
      "qb_opensdk_chat_tips_bg_press.9.png": "#ffffff",
      "qb_public_account_readinjoy_conversation_options_bg.9.png": "#171717",
      "qb_troop_aio_pub_acc_history_msg_entrance_normal.png": "#999999",
      "qb_troop_aio_pub_acc_history_msg_entrance_pressed.png": "#c6c6c9",
      "qb_troop_aiosm_announcement_no.png": "#999999",
      "qb_troop_aiosm_announcement_yes.png": "#999999",
      "qb_troop_aiosm_background.9.png": "#363636",
      "qb_troop_anonymous_icon.png": "#999999",
      "qb_troop_anonymous_set.png": "#999999",
      "qb_troop_confess_talk_enter_icon.png": "#999999",
      "qb_troop_file_create_folder.png": "#999999",
      "qb_troop_file_upload_file.png": "#999999",
      "qb_troop_history_calendar.png": "#999999",
      "qb_troop_history_emotion.png": "#999999",
      "qb_troop_history_file.png": "#999999",
      "qb_troop_history_link.png": "#999999",
      "qb_troop_homework.png": "#999999",
      "qb_troop_info_card_member.png": "#999999",
      "qb_troop_info_qrcode.png": "#999999",
      "qb_troop_member_list_sort.png": "#999999",
      "qb_troop_notice_edit.png": "#999999",
      "qb_troup_group_avatar_add.png": "#777777",
      "qb_troup_group_avatar_background.9.png": "#858585",
      "qb_troup_group_divide_line.9.png": "#858585",
      "qfav_category_arrow.png": "#636363",
      "qfav_category_audio.png": "#999999",
      "qfav_category_file.png": "#999999",
      "qfav_category_link.png": "#999999",
      "qfav_category_outlook.png": "#999999",
      "qfav_category_pic.png": "#999999",
      "qfav_category_picture.png": "#999999",
      "qfav_category_qzone.png": "#999999",
      "qfav_category_selfcreate.png": "#999999",
      "qfav_category_web.png": "#999999",
      "qfav_detail_line.png": "#d3d3d3",
      "qfav_edit_arrow_down.png": "#999999",
      "qfav_edit_arrow_up.png": "#999999",
      "qfav_edit_camera.png": "#bebebe",
      "qfav_edit_picture.png": "#bebebe",
      "qfav_entry_emo_bg.9.png": "#171717",
      "qfav_entry_location_footnote.png": "#6b6b6b",
      "qfav_entry_new_audio.png": "#999999",
      "qfav_entry_new_file.png": "#51a6db",
      "qfav_entry_new_location.png": "#999999",
      "qfav_entry_new_paste.png": "#999999",
      "qfav_entry_new_photo.png": "#999999",
      "qfav_entry_new_picture.png": "#999999",
      "qfav_entry_new_text.png": "#999999",
      "qfav_group_entry.png": "#999999",
      "qfav_list_bubble_nor.9.png": "#000000",
      "qfav_list_bubble_pressed.9.png": "#171717",
      "qfav_list_bubble_ptt_action_r_1.png": "#505050",
      "qfav_list_bubble_ptt_action_r_2.png": "#505050",
      "qfav_list_bubble_ptt_action_r_3.png": "#505050",
      "qfav_list_default.png": "#c7c7c7",
      "qfav_list_music_play.png": "#d6d6d7",
      "qfav_list_music_stop.png": "#d6d6d7",
      "qfav_list_speaker_bg.png": "#ffffff",
      "qfav_misc_aio_plus_icon.png": "#999999",
      "qfav_misc_web_btn_favorite_checked.png": "#1b4e7c",
      "qfav_misc_web_btn_favorite_nor.png": "#1b4e7c",
      "qfav_misc_web_btn_favorite_pressed.png": "#c7c7c7",
      "qfav_misc_web_menu_favorite_nor.png": "#999999",
      "qfav_title_arrow_down.png": "#999999",
      "qfav_title_arrow_up.png": "#999999",
      "qfav_top_circle.png": "#3e6987",
      "qfile_file_action_sheet_txdoc_create_collect.png": "#999999",
      "qfile_file_activity_div.png": "#080808",
      "qfile_file_activity_title_more_nor.png": "#999999",
      "qfile_file_activity_title_more_pre.png": "#c7c7c7",
      "qfile_file_activity_title_multi_nor.png": "#999999",
      "qfile_file_activity_title_multi_pre.png": "#c7c7c7",
      "qfile_file_circle_state_download.png": "#999999",
      "qfile_file_circle_state_stop.png": "#999999",
      "qfile_file_forward_btn.png": "#999999",
      "qfile_file_menu_dataline_nor.png": "#999999",
      "qfile_file_menu_dataline_pre.png": "#c7c7c7",
      "qfile_file_menu_qlink_nor.png": "#999999",
      "qfile_file_menu_qlink_pre.png": "#c7c7c7",
      "qfile_file_menu_sendtodesk_nor.png": "#999999",
      "qfile_file_menu_sendtodesk_pre.png": "#c7c7c7",
      "qfile_file_menu_wyback_nor.png": "#999999",
      "qfile_file_menu_wyback_pre.png": "#c7c7c7",
      "qfile_file_preview_disable.png": "#dedede",
      "qfile_file_preview_nomal.png": "#999999",
      "qfile_file_preview_pressed.png": "#c7c7c7",
      "qfile_file_rename_edit_icon.png": "#999999",
      "qfile_file_troop_file_popumenu_create_folder.png": "#999999",
      "qfile_file_troop_file_popumenu_create_txdoc.png": "#999999",
      "qfile_file_troop_file_popumenu_upload_file.png": "#999999",
      "qfile_file_troop_file_popumenu_upload_image.png": "#999999",
      "qfile_file_troop_file_popumenu_upload_video.png": "#999999",
      "qfile_file_troopfile_list_menu_create_docs.png": "#999999",
      "qfile_file_troopfile_list_menu_create_folder.png": "#999999",
      "qfile_file_troopfile_list_menu_upload.png": "#999999",
      "qfile_file_troopfile_list_menu_upload_img.png": "#999999",
      "qfile_file_troopfile_list_menu_upload_video.png": "#999999",
      "qfile_mpfile_download_list_icon.png": "#999999",
      "qlink_icon.png": "#999999",
      "qq_account_select_icon.png": "#0066cc",
      "qq_add_contact_nearby.png": "#999999",
      "qq_add_contact_phone_contact.png": "#999999",
      "qq_add_friend_icon_normal.png": "#999999",
      "qq_add_friend_icon_reverse.png": "#999999",
      "qq_addfriend_search_friend.png": "#999999",
      "qq_addfriend_search_group.png": "#999999",
      "qq_addfriend_search_service.png": "#999999",
      "qq_aio_listentogether_music_list.png": "#999999",
      "qq_aio_listentogether_nosong.png": "#999999",
      "qq_aio_listentogether_pause.png": "#d4d4d4",
      "qq_aio_listentogether_play.png": "#d4d4d4",
      "qq_aio_listentogether_quit.png": "#999999",
      "qq_aio_network_status.png": "#c7c7c7",
      "qq_bottom_msg_bg.9.png": "#1c1c1c",
      "qq_business_card_line.png": "#202020",
      "qq_com_bg_pic.jpg": "#000000",
      "qq_common_divider.9.png": "#000000",
      "qq_cond_search_icon.png": "#999999",
      "qq_confess_skin_setting.png": "#999999",
      "qq_contact_gather_uncommonly_used_contacts.png": "#999999",
      "qq_contact_list_add_bt_common.png": "#999999",
      "qq_contact_list_add_bt_pressed.png": "#c7c7c7",
      "qq_contact_list_discussion_entry_icon.png": "#999999",
      "qq_contact_list_newfriend_enter_icon_theme_version2.png": "#999999",
      "qq_contact_list_pbaccount_entry_icon.png": "#999999",
      "qq_contact_list_pbaccount_entry_icon_theme_version2.png": "#999999",
      "qq_contact_list_phone_enter_icon.png": "#999999",
      "qq_contact_list_phone_enter_icon_theme_version2.png": "#999999",
      "qq_contact_list_troop_entry_icon.png": "#999999",
      "qq_contact_list_troop_entry_icon_theme_version2.png": "#999999",
      "qq_contacts_network_2g.png": "#999999",
      "qq_contacts_network_2g_pressed.png": "#999999",
      "qq_contacts_network_3g.png": "#999999",
      "qq_contacts_network_3g_pressed.png": "#999999",
      "qq_contacts_network_4g.png": "#999999",
      "qq_contacts_network_4g_pressed.png": "#999999",
      "qq_contacts_network_pad.png": "#999999",
      "qq_contacts_network_pad_pressed.png": "#999999",
      "qq_contacts_network_wifi.png": "#999999",
      "qq_contacts_network_wifi_pressed.png": "#999999",
      "qq_conversation_call_icon_2g_nor.png": "#999999",
      "qq_conversation_call_icon_2g_pre.png": "#999999",
      "qq_conversation_call_icon_3g_nor.png": "#999999",
      "qq_conversation_call_icon_3g_pre.png": "#999999",
      "qq_conversation_call_icon_4g_nor.png": "#999999",
      "qq_conversation_call_icon_4g_pre.png": "#999999",
      "qq_conversation_call_icon_callin_pre.png": "#999999",
      "qq_conversation_call_icon_callout_pre.png": "#737373",
      "qq_conversation_call_icon_detail_nor.png": "#737373",
      "qq_conversation_call_icon_detail_pre.png": "#c7c7c7",
      "qq_conversation_call_icon_misscall_nor.png": "#e55137",
      "qq_conversation_call_icon_misscall_pre.png": "#e55137",
      "qq_conversation_call_icon_wifi_nor.png": "#999999",
      "qq_conversation_call_icon_wifi_pre.png": "#999999",
      "qq_conversation_call_video_icon_callin_nor.png": "#999999",
      "qq_conversation_call_video_icon_callin_pre.png": "#999999",
      "qq_conversation_call_video_icon_callout_nor.png": "#999999",
      "qq_conversation_call_video_icon_callout_pre.png": "#999999",
      "qq_conversation_call_video_icon_misscall_nor.png": "#e55137",
      "qq_conversation_icon_calllist_empty.png": "#999999",
      "qq_dating_detail_bottom_cancel_nor.png": "#999999",
      "qq_dating_detail_bottom_cancel_pressed.png": "#c7c7c7",
      "qq_dating_detail_bottom_enroll_nor.png": "#999999",
      "qq_dating_detail_bottom_enroll_pressed.png": "#c7c7c7",
      "qq_dating_detail_bottom_quit_nor.png": "#999999",
      "qq_dating_detail_bottom_quit_pressed.png": "#c7c7c7",
      "qq_dating_detail_icon_content.png": "#999999",
      "qq_dating_detail_icon_female.png": "#999999",
      "qq_dating_detail_icon_location.png": "#999999",
      "qq_dating_detail_icon_male.png": "#999999",
      "qq_dating_detail_icon_unisex.png": "#999999",
      "qq_dating_dine_nor.png": "#999999",
      "qq_dating_feed_card_bg_nor.9.png": "#111111",
      "qq_dating_feed_card_bg_pressed.9.png": "#181818",
      "conversation_options_middle_pressed.9.png": "#262626",
      "qq_dating_feed_card_bottom_normal.9.png": "#111111",
      "qq_dating_feed_card_bottom_pressed.9.png": "#181818",
      "qq_dating_feed_card_bottom_unread_normal.9.png": "#181818",
      "qq_dating_feed_card_middle_normal.9.png": "#111111",
      "qq_dating_feed_card_middle_pressed.9.png": "#181818",
      "qq_dating_feed_card_middle_unread_normal.9.png": "#181818",
      "qq_dating_feed_card_top_normal.9.png": "#111111",
      "qq_dating_feed_card_top_pressed.9.png": "#181818",
      "qq_dating_filter_icon.png": "#999999",
      "qq_dating_karaoke_nor.png": "#999999",
      "qq_dating_movie_nor.png": "#999999",
      "qq_dating_sport_nor.png": "#999999",
      "qq_eqlock_authdev_phone_ex.png": "#999999",
      "qq_eqlock_closed.png": "#b9b9b9",
      "qq_eqlock_open.png": "#737373",
      "qq_extend_friend_list_entry_icon.png": "#999999",
      "qq_group_search_collection.png": "#d1d1d4",
      "qq_group_search_contact.png": "#d1d1d4",
      "qq_group_search_group.png": "#d1d1d4",
      "qq_group_search_history.png": "#d1d1d4",
      "qq_group_search_service.png": "#d1d1d4",
      "qq_groupmanager_edit_add_icon.png": "#d1d1d4",
      "qq_invitation_entry_icon.png": "#999999",
      "qq_laba_setting_nor.png": "#999999",
      "qq_laba_setting_pressed.png": "#c7c7c7",
      "qq_loc_cancel_share.png": "#999999",
      "qq_loc_min_share.png": "#999999",
      "qq_nearby_intrest.png": "#bbbbbe",
      "qq_pic_img_checkbox_deselect2.png": "#000000",
      "qq_pic_img_checkbox_select.png": "#4086f6",
      "qq_player_button_play_normal.png": "#999999",
      "qq_player_button_play_pressed.png": "#999999",
      "qq_player_button_stop_normal.png": "#999999",
      "qq_player_button_stop_pressed.png": "#999999",
      "qq_plugin_reader_book.png": "#c7c7c7",
      "qq_profilecard_btn.9.png": "#1c1c1c",
      "qq_profilecard_foot_bg.png": "#080808",
      "qq_profilecard_icon_af_nor.png": "#999999",
      "qq_profilecard_icon_af_pre.png": "#c7c7c7",
      "qq_profilecard_icon_edit_nor.png": "#999999",
      "qq_profilecard_icon_edit_pre.png": "#c7c7c7",
      "qq_profilecard_icon_report_normal.png": "#999999",
      "qq_profilecard_icon_report_pressed..png": "#c7c7c7",
      "qq_profilecard_info_bg.png": "#111111",
      "qq_profilecard_item_account.png": "#999999",
      "qq_profilecard_item_charm.png": "#999999",
      "qq_profilecard_item_game.png": "#999999",
      "qq_profilecard_item_game_card.png": "#999999",
      "qq_profilecard_item_group.png": "#999999",
      "qq_profilecard_item_hometown.png": "#999999",
      "qq_profilecard_item_information.png": "#999999",
      "qq_profilecard_item_mine_weishi.png": "#999999",
      "qq_profilecard_item_privilege.png": "#999999",
      "qq_profilecard_item_profession.png": "#999999",
      "qq_profilecard_item_qqcircle.png": "#999999",
      "qq_profilecard_item_qqstory.png": "#999999",
      "qq_profilecard_item_qzone.png": "#999999",
      "qq_profilecard_item_rank.png": "#999999",
      "qq_profilecard_item_school.png": "#999999",
      "qq_profilecard_item_sign.png": "#999999",
      "qq_profilecard_item_speak.png": "#999999",
      "qq_profilecard_item_tel.png": "#999999",
      "qq_profilecard_mp_mini_default_normal.png": "#999999",
      "qq_profilecard_mp_mini_default_pressed.png": "#c7c7c7",
      "qq_profilecard_mp_mini_phone_normal.png": "#999999",
      "qq_profilecard_mp_mini_phone_pressed.png": "#c7c7c7",
      "qq_profilecard_mp_mini_play_normal.png": "#999999",
      "qq_profilecard_mp_mini_play_pressed.png": "#c7c7c7",
      "qq_profilecard_mp_mini_playing_normal.png": "#999999",
      "qq_profilecard_mp_mini_playing_pressed.png": "#c7c7c7",
      "qq_recent_online_feature_close.png": "#999999",
      "qq_recommend_unread_tipsbar_arrow_normal.png": "#858585",
      "qq_recommend_unread_tipsbar_arrow_pressed.png": "#999999",
      "qq_screen_shot_back.png": "#999999",
      "qq_screen_shot_edit.png": "#999999",
      "qq_screen_shot_exit.png": "#999999",
      "qq_screen_shot_share.png": "#999999",
      "qq_screen_shot_share_crop.png": "#999999",
      "qq_search_create_troop_icon.png": "#999999",
      "qq_setting_business.png": "#999999",
      "qq_setting_business_white.png": "#999999",
      "qq_setting_businesscard.png": "#999999",
      "qq_setting_businesscard_white.png": "#999999",
      "qq_setting_freetraffic.png": "#999999",
      "qq_setting_freetraffic_white.png": "#999999",
      "qq_setting_huiyuan.png": "#999999",
      "qq_setting_love_zone.png": "#999999",
      "qq_setting_me_back.png": "#999999",
      "skin_qq_setting_bg_texture.xml": "#010101",
      "qq_setting_me_bg.png": "#000000",
      "qq_setting_me_bg_mid.jpg": "#000000",
      "qq_setting_me_bg_theme_version2.png": "#ffffff",
      "qq_setting_me_bgmask.9.png": "#ffffff",
      "qq_setting_me_nightmode_loading.png": "#999999",
      "qq_setting_me_nightmode_loading_white.png": "#999999",
      "qq_setting_me_nightmode_off.png": "#999999",
      "qq_setting_me_nightmode_off_white.png": "#999999",
      "qq_setting_me_nightmode_on.png": "#999999",
      "qq_setting_me_nightmode_on_white.png": "#999999",
      "qq_setting_me_nightmode_pressed.png": "#c7c7c7",
      "qq_setting_me_qr_code_icon.png": "#999999",
      "qq_setting_me_richstatus_icon_bg.9.png": "#999999",
      "qq_setting_me_richstatus_icon_none.png": "#999999",
      "qq_setting_me_talent.png": "#999999",
      "qq_setting_myvideo.png": "#999999",
      "qq_setting_officecenter.png": "#999999",
      "qq_setting_qianbao.png": "#999999",
      "qq_setting_qianbao_white.png": "#999999",
      "qq_setting_qqcircle.png": "#999999",
      "qq_setting_qqdoc.png": "#999999",
      "qq_setting_qqdoc_white.png": "#999999",
      "qq_setting_schedule.png": "#999999",
      "qq_setting_setting.png": "#999999",
      "qq_setting_setting_white.png": "#999999",
      "qq_setting_shop.png": "#999999",
      "qq_setting_shoucang.png": "#999999",
      "qq_setting_shoucang_white.png": "#999999",
      "qq_setting_sign.png": "#999999",
      "qq_setting_sign_in.png": "#999999",
      "qq_setting_svip.png": "#999999",
      "qq_setting_svip_white.png": "#999999",
      "qq_setting_tim.png": "#999999",
      "qq_setting_tim_white.png": "#999999",
      "qq_setting_wenjian.png": "#999999",
      "qq_setting_wenjian_white.png": "#999999",
      "qq_setting_xiangce.png": "#999999",
      "qq_setting_xiangce_white.png": "#999999",
      "qq_setting_zhuangban.png": "#999999",
      "qq_setting_zhuangban_white.png": "#999999",
      "qq_specialcare_icon.png": "#999999",
      "qq_title_immersive_bar.9.png": "#000000",
      "qq_webview_close.png": "#999999",
      "qqstory_now_discover_icon.png": "#999999",
      "qr_popupmenu_arrow_down.png": "#999999",
      "qr_popupmenu_arrow_up.png": "#999999",
      "qrcode_login_banner_icon_default.png": "#999999",
      "qrcode_login_banner_icon_pad.png": "#999999",
      "qrcode_login_banner_icon_pc.png": "#999999",
      "qrcode_login_banner_icon_watch.png": "#999999",
      "qrcode_login_base_icon_left_back.png": "#999999",
      "qrcode_login_mgr_icon_close.png": "#999999",
      "qrcode_login_mgr_icon_close_press.png": "#c7c7c7",
      "qrcode_login_mgr_icon_file.png": "#999999",
      "qrcode_login_mgr_icon_file_press.png": "#c7c7c7",
      "qvip_aio_face_tab_button_close.png": "#e74b3d",
      "qvip_emoji_aio_face_tab_line.png": "#848484",
      "qvip_emoji_forward1.png": "#999999",
      "qvip_emoji_forward2.png": "#999999",
      "qvip_emoji_last_recommend_image_load_failed.png": "#b7b7b7",
      "qvip_emoji_last_recommend_image_loading.png": "#b7b7b7",
      "qvip_emoji_recommend_detail_normal.9.png": "#8e8e8e",
      "qvip_emoji_recommend_detail_pressed.9.png": "#373737",
      "qvip_emoji_recommend_image_load_failed.png": "#b7b7b7",
      "qvip_emoji_recommend_image_loading.png": "#b7b7b7",
      "qvip_emoji_tab_back_normal.png": "#a3a3a3",
      "qvip_emoji_tab_back_pressed.png": "#737373",
      "qvip_emoji_tab_classic_icon.png": "#999999",
      "qvip_emoji_tab_classic_normal.png": "#ababab",
      "qvip_emoji_tab_emoji_icon.png": "#999999",
      "qvip_emoji_tab_hor_line.9.png": "#202020",
      "qvip_emoji_tab_latest_normal.png": "#999999",
      "qvip_emoji_tab_mgr_setting_normal.png": "#0066CC",
      "qvip_emoji_tab_more_new_normal.png": "#0066CC",
      "qvip_emoji_tab_more_new_pressed.png": "#173b7c",
      "qvip_emoji_tab_more_normal.png": "#b0b0b0",
      "qvip_emoji_tab_more_pressed.png": "#ffffff",
      "qvip_emoji_tab_original_normal.png": "#c4c4c4",
      "qvip_emoji_tab_recommend_normal.png": "#999999",
      "qvip_emoji_tab_send_normal.png": "#1c1c1c",
      "qvip_emoji_tab_send_pressed.png": "#a4a4a4",
      "qvip_emoji_tab_setting_normal.png": "#999999",
      "qvip_emoji_tab_ver_line.9.png": "#202020",
      "qvip_hiboom_icon_blue.png": "#4086f6",
      "qvip_hiboom_icon_gray.png": "#4086f6",
      "qvip_pay_item_bg.9.png": "#121212",
      "qvip_profile_template_start.png": "#999999",
      "qvip_profile_template_start_pressed.png": "#b9b9b9",
      "qwallet_skin_common_btn_blue_pressed.9.png": "#333333",
      "qzone_commo_black_tips_icon_caution.png": "#732832",
      "qzone_commo_black_tips_icon_success.png": "#2d624f",
      "qzone_detail_dialog_close.png": "#999999",
      "qzone_detail_hot_soft_icon.png": "#999999",
      "qzone_detail_panel_channel_qrcode.png": "#999999",
      "qzone_detail_panel_copy.png": "#999999",
      "qzone_detail_panel_report.png": "#999999",
      "qzone_detail_panel_unlook.png": "#999999",
      "qzone_header_icon_setting_click.png": "#999999",
      "qzone_more_menu_download.png": "#999999",
      "qzone_photo_but_del_click.png": "#999999",
      "qzone_qun_album_more_local.png": "#999999",
      "qzone_qun_album_more_new.png": "#999999",
      "qzone_qun_album_more_qzone.png": "#999999",
      "qzone_share_album_icon.png": "#999999",
      "qzone_skin_album_photo_search.png": "#999999",
      "qzone_skin_album_setting_black.png": "#999999",
      "qzone_skin_album_tool_icon.png": "#999999",
      "qzone_skin_btn_template_shuoshuo.png": "#999999",
      "qzone_skin_comment_send_button_disabled.9.png": "#000000",
      "qzone_skin_download_box_level_0.png": "#999999",
      "qzone_skin_download_box_level_1.png": "#999999",
      "qzone_skin_download_box_level_2.png": "#999999",
      "qzone_skin_download_box_level_3.png": "#999999",
      "qzone_skin_download_box_level_4.png": "#999999",
      "qzone_skin_download_box_level_default_0.png": "#999999",
      "qzone_skin_download_box_level_default_1.png": "#999999",
      "qzone_skin_download_box_level_default_2.png": "#999999",
      "qzone_skin_download_box_level_default_3.png": "#999999",
      "qzone_skin_download_box_level_default_4.png": "#999999",
      "qzone_skin_dropdown_btm_bg.9.png": "#282828",
      "qzone_skin_dropdown_item_btm_click.9.png": "#1d1d1d",
      "qzone_skin_dropdown_item_def_click.9.png": "#1d1d1d",
      "qzone_skin_dropdown_item_top_click.9.png": "#1d1d1d",
      "qzone_skin_dropdown_top_bg.9.png": "#282828",
      "qzone_skin_emoji_delete.png": "#999999",
      "qzone_skin_event_tag_feed_custom_commen_title_add_icon_white.png": "#999999",
      "qzone_skin_event_tag_titile_btn_more.png": "#999999",
      "qzone_skin_feed_arrow_fold.png": "#999999",
      "qzone_skin_feed_arrow_right.png": "#999999",
      "qzone_skin_feed_arrow_unfold.png": "#999999",
      "qzone_skin_feed_card_bg.9.png": "#000000",
      "qzone_skin_feed_card_bg_shadow_8.9.png": "#000000",
      "qzone_skin_feed_cell_combo_sign.png": "#f3f3f9",
      "qzone_skin_feed_comment_comment.png": "#999999",
      "qzone_skin_feed_comment_comment_click.png": "#c5c5c8",
      "qzone_skin_feed_comment_comment_disabled.png": "#ddddde",
      "qzone_skin_feed_comment_praise_click.png": "#c5c5c8",
      "qzone_skin_feed_comment_praise_clicked.png": "#0066CC",
      "qzone_skin_feed_comment_praise_disabled.png": "#ddddde",
      "qzone_skin_feed_comment_praise_normal.png": "#999999",
      "qzone_skin_feed_container_border.9.png": "#000000",
      "qzone_skin_feed_date_header_calendar.png": "#999999",
      "qzone_skin_feed_dropmenu_icon_check_dress.png": "#999999",
      "qzone_skin_feed_dropmenu_icon_send_msg.png": "#999999",
      "qzone_skin_feed_icon_delete.png": "#999999",
      "qzone_skin_feed_icon_delete_click.png": "#c5c5c8",
      "qzone_skin_feed_icon_dropdown.png": "#999999",
      "qzone_skin_feed_icon_dropdown_click.png": "#c1c1c1",
      "qzone_skin_feed_icon_feedback_delete.png": "#999999",
      "qzone_skin_feed_icon_forward.png": "#999999",
      "qzone_skin_feed_icon_forward_click.png": "#c5c5c8",
      "qzone_skin_feed_icon_forward_disabled.png": "#dcdcde",
      "qzone_skin_feed_icon_gift.png": "#e4ecfc",
      "qzone_skin_feed_icon_praise.png": "#999999",
      "qzone_skin_feed_icon_praise_click.png": "#c5c5c8",
      "qzone_skin_feed_icon_praise_clicked.png": "#0066CC",
      "qzone_skin_feed_icon_praise_disabled.png": "#dcdcde",
      "qzone_skin_feed_icon_recommend.png": "#383b4c",
      "qzone_skin_feed_icon_recommend_clicked.png": "#0066CC",
      "qzone_skin_feed_icon_review_visitors.png": "#999999",
      "qzone_skin_feed_inputbox_doodle_icon.png": "#999999",
      "qzone_skin_feed_inputbox_present_icon.png": "#9f7f49",
      "qzone_skin_feed_inputbox_rapid_comment_icon.png": "#999999",
      "qzone_skin_feed_inputbox_rapid_redpocket_icon_disable.png": "#e1e1e3",
      "qzone_skin_feed_inputbox_rapid_redpocket_icon_enable.png": "#999999",
      "qzone_skin_feed_operation_list_comment_icon.png": "#e4eefc",
      "qzone_skin_feed_operation_list_forward_icon.png": "#e4eefc",
      "qzone_skin_feed_operation_list_praise_icon.png": "#e4eefc",
      "qzone_skin_feed_operation_list_redpocket_icon.png": "#e4eefc",
      "qzone_skin_feed_operation_list_space_redpocket_icon.png": "#e4eefc",
      "qzone_skin_feed_recom_header_close_icon.png": "#c1c1c1",
      "qzone_skin_feed_recom_header_close_icon_click.png": "#999999",
      "qzone_skin_feed_shadow_bg.9.png": "#000000",
      "qzone_skin_feeddetail_more.png": "#999999",
      "qzone_skin_feeds_msg_black.png": "#999999",
      "qzone_skin_feeds_msg_white.png": "#ffffff",
      "qzone_skin_font_dot_current.png": "#0066CC",
      "qzone_skin_font_dot_normal.png": "#454545",
      "qzone_skin_font_sel.png": "#0066CC",
      "qzone_skin_home_panel_list_divide.png": "#1a1a1a",
      "qzone_skin_homepage_timeline_item_selected_bg.9.png": "#000000",
      "qzone_skin_icon_share_to_qq.png": "#438cac",
      "qzone_skin_icon_share_to_wx_circle.png": "#4b9959",
      "qzone_skin_icon_title_more.png": "#999999",
      "qzone_skin_mood_list_timer.png": "#999999",
      "qzone_skin_moodlistbanner_arrow_right.png": "#999999",
      "qzone_skin_navigator_bottom_separator.png": "#a7a7a7",
      "qzone_skin_navigator_gamebar.png": "#999999",
      "qzone_skin_navigator_mood.png": "#999999",
      "qzone_skin_navigator_personsetting.png": "#999999",
      "qzone_skin_navigator_photo.png": "#999999",
      "qzone_skin_navigator_shuoshuo_icon2.png": "#999999",
      "qzone_skin_navigator_shuoshuo_icon_inside.png": "#999999",
      "qzone_skin_navigator_video.png": "#999999",
      "qzone_skin_plusmenu_close.png": "#999999",
      "qzone_skin_publish_box_level_0.png": "#ffffff",
      "qzone_skin_publish_box_level_1.png": "#ffffff",
      "qzone_skin_publish_box_level_2.png": "#ffffff",
      "qzone_skin_publish_box_level_3.png": "#ffffff",
      "qzone_skin_publish_box_level_4.png": "#ffffff",
      "qzone_skin_publish_box_level_default_0.png": "#999999",
      "qzone_skin_publish_box_level_default_1.png": "#999999",
      "qzone_skin_publish_box_level_default_2.png": "#999999",
      "qzone_skin_publish_box_level_default_3.png": "#999999",
      "qzone_skin_publish_box_level_default_4.png": "#999999",
      "qzone_skin_secret_feed_arrow_right.png": "#999999",
      "qzone_skin_secret_feed_down.png": "#999999",
      "qzone_skin_secret_feed_up.png": "#999999",
      "qzone_skin_shuoshuo_egg_image_close.png": "#999999",
      "qzone_skin_shuoshuo_list_publish_icon.png": "#65ccfa",
      "qzone_skin_smart_beautify_up_arrow.png": "#444444",
      "qzone_skin_timeline_1.png": "#999999",
      "qzone_skin_timeline_10.png": "#999999",
      "qzone_skin_timeline_11.png": "#999999",
      "qzone_skin_timeline_2.png": "#999999",
      "qzone_skin_timeline_3.png": "#999999",
      "qzone_skin_timeline_4.png": "#999999",
      "qzone_skin_timeline_5.png": "#999999",
      "qzone_skin_timeline_6.png": "#999999",
      "qzone_skin_timeline_7.png": "#999999",
      "qzone_skin_timeline_8.png": "#999999",
      "qzone_skin_timeline_9.png": "#999999",
      "qzone_skin_timeline_calendar_1.png": "#999999",
      "qzone_skin_timeline_calendar_10.png": "#999999",
      "qzone_skin_timeline_calendar_11.png": "#999999",
      "qzone_skin_timeline_calendar_12.png": "#999999",
      "qzone_skin_timeline_calendar_2.png": "#999999",
      "qzone_skin_timeline_calendar_3.png": "#999999",
      "qzone_skin_timeline_calendar_4.png": "#999999",
      "qzone_skin_timeline_calendar_5.png": "#999999",
      "qzone_skin_timeline_calendar_6.png": "#999999",
      "qzone_skin_timeline_calendar_7.png": "#999999",
      "qzone_skin_timeline_calendar_8.png": "#999999",
      "qzone_skin_timeline_calendar_9.png": "#999999",
      "qzone_skin_title_arrow_white.png": "#999999",
      "qzone_skin_titlebar_back_white_normal.9.png": "#999999",
      "qzone_skin_titlebar_back_white_press.9.png": "#c6c6c6",
      "qzone_skin_titlebar_more.png": "#999999",
      "qzone_skin_titlebar_more_black.png": "#999999",
      "qzone_skin_titlebar_more_default.png": "#ffffff",
      "qzone_skin_titlebar_search_icon_black.png": "#999999",
      "qzone_skin_titlebar_search_icon_white.png": "#999999",
      "qzone_skin_toolbar_btn_at_click.png": "#999999",
      "qzone_skin_toolbar_btn_barrage_click.png": "#999999",
      "qzone_skin_toolbar_btn_barrage_click_guide.png": "#0066CC",
      "qzone_skin_toolbar_btn_dongganyingji_click.png": "#999999",
      "qzone_skin_toolbar_btn_face_click.png": "#999999",
      "qzone_skin_toolbar_btn_font_click.png": "#0066CC",
      "qzone_skin_toolbar_btn_font_click_guide_notice.png": "#999999",
      "qzone_skin_toolbar_btn_keyboard_click.png": "#999999",
      "qzone_skin_toolbar_btn_make_long_image.png": "#999999",
      "qzone_skin_voice_add_gif.png": "#999999",
      "qzone_skin_warm_feed_comment.png": "#999999",
      "qzone_skin_warm_feed_comment_praise.png": "#999999",
      "qzone_skin_warm_feed_comment_praise_clicked.png": "#d86957",
      "qzone_skin_warm_feed_comment_reply.png": "#999999",
      "qzone_skin_warm_feed_forward.png": "#d86957",
      "qzone_skin_warm_feed_praise.png": "#d86957",
      "qzone_skin_warm_feed_praise_clicked.png": "#d86957",
      "qzone_skin_warm_feed_praise_list_forward.png": "#e4eefc",
      "qzone_skin_warm_feed_praise_list_like.png": "#e3eefc",
      "recent_newer_guide_banner_close.png": "#999999",
      "recent_tab_match_normal.png": "#999999",
      "recent_tab_match_pressed.png": "#c7c7c7",
      "refresh_success.png": "#999999",
      "rich_status_action_span_common.9.png": "#424242",
      "rich_status_action_span_pressed.9.png": "#191919",
      "rich_status_loc_span_common.9.png": "#272727",
      "rich_status_loc_span_pressed.9.png": "#181818",
      "screenshot_long_img.png": "#999999",
      "screenshot_mini_app.png": "#999999",
      "screenshot_qrcode.png": "#999999",
      "searchbar_icon_location.png": "#999999",
      "searchbar_input_location_share.9.png": "#000000",
      "sec_detect_high.png": "#999999",
      "sec_detect_loading_front.png": "#d5d5d5",
      "sec_detect_low.png": "#e74a34",
      "sec_detect_middle.png": "#737373",
      "sec_detect_qqpimsecure.png": "#999999",
      "select_member_circle_icon.png": "#999999",
      "select_member_discussion_icon.png": "#999999",
      "select_member_troop_icon.png": "#999999",
      "shortvideo_seekbar_thumb.png": "#424242",
      "sidebar_rightarrow.png": "#999999",
      "skin_aio_album_send_button_disabled.9.png": "#0a1f33",
      "skin_aio_album_send_button_normal.9.png": "#0066cc",
      "skin_aio_album_send_button_pressed.9.png": "#19467f",
      "skin_aio_arrowdown_nor.png": "#383838",
      "skin_aio_arrowdown_press.png": "#b6b6b6",
      "skin_aio_arrowup_nor.png": "#383838",
      "skin_aio_arrowup_press.png": "#b6b6b6",
      "skin_aio_audio_panel_cancel_nor.9.png": "#1c1c1c",
      "skin_aio_audio_panel_cancel_press.9.png": "#1c1c1c",
      "skin_aio_audio_panel_del_nor.png": "#999999",
      "skin_aio_audio_panel_del_press.png": "#c6c6c6",
      "skin_aio_audio_panel_del_pressed.png": "#ffffff",
      "skin_aio_audio_panel_indicate_enter.png": "#212121",
      "skin_aio_audio_panel_indicate_move_direction.png": "#ffffff",
      "skin_aio_audio_panel_indicate_move_dist.png": "#333333",
      "skin_aio_audio_panel_indicate_panel.png": "#545454",
      "skin_aio_audio_panel_listen_nor.png": "#999999",
      "skin_aio_audio_panel_listen_press.png": "#ffffff",
      "skin_aio_audio_panel_play_nor.png": "#204786",
      "skin_aio_audio_panel_play_press.png": "#89a1bf",
      "skin_aio_audio_panel_play_progress.png": "#242424",
      "skin_aio_audio_panel_play_progress_bg.png": "#274d87",
      "skin_aio_audio_panel_play_progress_progress.png": "#5177a8",
      "skin_aio_audio_panel_record_record_time_tv_bg.png": "#ebecee",
      "skin_aio_audio_panel_record_start_bg.png": "#ffffff",
      "skin_aio_audio_panel_record_start_bg_nor.png": "#252525",
      "skin_aio_audio_panel_record_start_nor.png": "#993733",
      "skin_aio_audio_panel_record_start_press.png": "#a15b5c",
      "skin_aio_audio_panel_record_start_pressed_bg.png": "#252525",
      "skin_aio_audio_panel_record_stop_nor.png": "#9d4845",
      "skin_aio_audio_panel_record_stop_press.png": "#a15b5b",
      "skin_aio_audio_panel_send_nor.9.png": "#292929",
      "skin_aio_audio_panel_send_press.9.png": "#212121",
      "skin_aio_audio_panel_speak_bg_nor.png": "#333333",
      "skin_aio_audio_panel_speak_bg_press.png": "#212121",
      "skin_aio_audio_panel_stop_nor.png": "#2656a8",
      "skin_aio_audio_panel_stop_press.png": "#89a9d2",
      "skin_aio_audio_panel_to_stt.png": "#ffffff",
      "skin_aio_audio_panel_to_stt_nor.png": "#999999",
      "skin_aio_audio_panel_to_stt_pressed.png": "#ffffff",
      "skin_aio_audio_panel_volume_bg_left.png": "#000000",
      "skin_aio_audio_panel_volume_bg_right.png": "#000000",
      "skin_aio_audio_panel_volume_fill_left.png": "#333333",
      "skin_aio_audio_panel_volume_fill_right.png": "#333333",
      "skin_aio_audio_panel_volume_mask_left.png": "#4288f6",
      "skin_aio_audio_panel_volume_mask_right.png": "#4288f6",
      "skin_aio_button_normal.png": "#eaeaea",
      "skin_aio_button_press.png": "#707070",
      "skin_aio_collapse_nor.png": "#383838",
      "skin_aio_collapse_pressed.png": "#afafaf",
      "skin_aio_emoji_normal.png": "#999999",
      "skin_aio_emoji_press.png": "#dadad4",
      "skin_aio_friend_bubble_nor.9.png": "#262626",
      "skin_aio_friend_bubble_pressed.9.png": "#1a1a1a",
      "skin_aio_fullscreen_input_expand_icon_theme_version2.png": "#7a7a7a",
      "skin_aio_fullscreen_input_hide_icon_theme_version2.png": "#7a7a7a",
      "skin_aio_head_twocall.png": "#999999",
      "skin_aio_head_twocall_press.png": "#c8c8c8",
      "skin_aio_input_bar_bg.9.png": "#000000",
      "skin_aio_input_bar_bg_local_albums.9.png": "#000000",
      "skin_aio_input_bar_bg_theme_version2.9.png": "#000000",
      "skin_aio_input_bg.9.png": "#1c1c1c",
      "skin_aio_keyboard_arrow_normal.png": "#858585",
      "skin_aio_keyboard_arrow_pressed.png": "#4086f6",
      "skin_aio_keyboard_nor.png": "#383838",
      "skin_aio_keyboard_pressed.png": "#4086f6",
      "skin_aio_miniprogram_white_normal.png": "#999999",
      "skin_aio_miniprogram_white_pre.png": "#c6c6c9",
      "skin_aio_more_nor.png": "#999999",
      "skin_aio_more_pressed.png": "#4086f6",
      "skin_aio_panel_babyq_selected.png": "#999999",
      "skin_aio_panel_babyq_unselected.png": "#4086f6",
      "skin_aio_panel_camera_nor.png": "#999999",
      "skin_aio_panel_camera_press.png": "#4086f6",
      "skin_aio_panel_emotion_nor.png": "#999999",
      "skin_aio_panel_emotion_press.png": "#4086f6",
      "skin_aio_panel_emotion_simple_nor.png": "#999999",
      "skin_aio_head_clock_simple.png": "#999999",
      "skin_aio_head_clock_simple_press.png": "#999999",
      "skin_aio_panel_emotion_simple_press.png": "#999999",
      "skin_aio_panel_flash_nor.png": "#999999",
      "skin_aio_panel_flash_press.png": "#4086f6",
      "skin_aio_panel_hongbao_nor.png": "#999999",
      "skin_aio_panel_hongbao_press.png": "#a23c42",
      "skin_aio_panel_icon_bg.9.png": "#000000",
      "skin_aio_panel_image_nor.png": "#999999",
      "skin_aio_panel_image_press.png": "#4086f6",
      "skin_aio_panel_nearbyflower_press.png": "#999999",
      "skin_aio_panel_plus_nor.png": "#999999",
      "skin_aio_panel_plus_press.png": "#4086f6",
      "skin_aio_panel_plus_simple_nor.png": "#999999",
      "skin_aio_panel_plus_simple_press.png": "#999999",
      "skin_aio_panel_poke_nor.png": "#999999",
      "skin_aio_panel_poke_press.png": "#4086f6",
      "skin_aio_panel_position_nor.png": "#999999",
      "skin_aio_panel_position_press.png": "#4086f6",
      "skin_aio_panel_ptt_nor.png": "#999999",
      "skin_aio_panel_ptt_press.png": "#4086f6",
      "skin_aio_panel_ptt_simple_nor.png": "#999999",
      "skin_aio_panel_ptt_simple_press.png": "#999999",
      "forward_dialog_new_edit_emoji.png": "#999999",
      "forward_dialog_new_edit_keyboard.png": "#999999",
      "skin_aio_panel_ptv_nor.png": "#999999",
      "skin_aio_panel_ptv_press.png": "#4086f6",
      "skin_aio_panel_showdevice_nor.png": "#383838",
      "skin_aio_panel_showdevice_press.png": "#4086f6",
      "skin_aio_phone_ear.png": "#999999",
      "skin_aio_phone_speaker.png": "#999999",
      "skin_aio_ptt_action_l_1.png": "#999999",
      "skin_aio_ptt_action_l_2.png": "#999999",
      "skin_aio_ptt_action_l_3.png": "#999999",
      "skin_aio_ptt_action_r_1.png": "#999999",
      "skin_aio_ptt_action_r_2.png": "#999999",
      "skin_aio_ptt_action_r_3.png": "#999999",
      "skin_aio_ptt_record_friend_nor.png": "#999999",
      "skin_aio_ptt_record_user_nor.png": "#999999",
      "skin_aio_public_account_icon.png": "#4086f6",
      "skin_aio_public_account_icon_pressed.png": "#383838",
      "skin_aio_receipt_message_text_background_tile.png": "#131313",
      "skin_aio_send_button_disabled.9.png": "#0A1F33",
      "skin_aio_send_button_inactive.png": "#ffffff",
      "skin_aio_send_button_inactive_pressed.png": "#ffffff",
      "skin_aio_send_button_normal.9.png": "#0066CC",
      "skin_aio_send_button_pressed.9.png": "#19467F",
      "skin_aio_stt_cycle_friend.png": "#999999",
      "skin_aio_stt_cycle_self.png": "#999999",
      "skin_aio_stt_text_flag_friend.9.png": "#999999",
      "skin_aio_stt_text_flag_self.9.png": "#999999",
      "skin_aio_tip_bg.9.png": "#181818",
      "skin_aio_tip_bg_pressed.9.png": "#181818",
      "skin_aio_together_entry_white_normal.png": "#999999",
      "skin_aio_together_entry_white_press.png": "#c6c6c9",
      "skin_aio_user_bubble_nor.9.png": "#262626",
      "skin_aio_user_bubble_pressed.9.png": "#1a1a1a",
      "skin_aio_voice_button_normal.9.png": "#1c1c1c",
      "skin_aio_voice_button_pressed.9.png": "#161616",
      "skin_aio_voice_nor.png": "#999999",
      "skin_aio_voice_normal.png": "#999999",
      "skin_aio_voice_press.png": "#2d5ca7",
      "skin_aio_voice_pressed.png": "#2d5ca7",
      "skin_aio_wt_full_screen_button.9.png": "#999999",
      "skin_background.png": "#010101",
      "bg_texture.xml": "#010101",
      "skin_background_local_albums.png": "#080808",
      "skin_background_theme_version2.png": "#080808",
      "skin_bottom_bar_background.png": "#000000",
      "skin_bottom_bar_background_theme_version2.png": "#000000",
      "skin_chat_background.png": "#010101",
      "skin_chat_background_preview.png": "#010101",
      "skin_chat_bottom_quickbar_bg.png": "#191919",
      "skin_common_btn_blue_bg_pressed.9.png": "#19467F",
      "skin_common_btn_blue_disabled.9.png": "#d2e3fc",
      "skin_common_btn_blue_pressed.9.png": "#19467F",
      "skin_common_btn_blue_unpressed.9.png": "#0066CC",
      "skin_common_btn_disabled.9.png": "#0A1F33",
      "skin_common_btn_green_disable.9.png": "#94aac0",
      "skin_common_btn_green_normal.9.png": "#4f7d89",
      "skin_common_btn_green_pressed.9.png": "#2f5581",
      "skin_common_btn_red_disabled.9.png": "#7f7f7f",
      "skin_common_btn_red_pressed.9.png": "#191919",
      "skin_common_btn_red_unpressed.9.png": "#020202",
      "skin_common_btn_small_blue_disabled.9.png": "#f9fbff",
      "skin_common_btn_small_blue_local_albums_disabled.9.png": "#b2c5d9",
      "skin_common_btn_small_blue_local_albums_pressed.9.png": "#2e5483",
      "skin_common_btn_small_blue_local_albums_unpressed.9.png": "#4670a6",
      "skin_common_btn_small_blue_pressed.9.png": "#1f1f1f",
      "skin_common_btn_small_blue_unpressed.9.png": "#1f1f1f",
      "skin_common_btn_small_disabled.9.png": "#1f1f1f",
      "skin_common_btn_small_white_disable.9.png": "#8b8b8b",
      "skin_common_btn_small_white_pressed.9.png": "#1f1f1f",
      "skin_common_btn_small_white_unpressed.9.png": "#1f1f1f",
      "skin_common_btn_white_disabled.9.png": "#afafaf",
      "skin_common_btn_white_pressed.9.png": "#1d1d1d",
      "skin_common_btn_white_unpressed.9.png": "#282828",
      "skin_contact_add_btn_normal.9.png": "#707070",
      "skin_contact_add_btn_press.9.png": "#737373",
      "skin_conversation_options_bg.9.png": "#979a9f",
      "skin_conversation_options_bg_line.png": "#171717",
      "skin_conversation_options_item_pressed.png": "#0a0a0a",
      "skin_conversation_right_drawer_btn.png": "#999999",
      "skin_conversation_right_drawer_btn_selected.png": "#999999",
      "skin_conversation_title_right_btn.png": "#999999",
      "skin_conversation_title_right_btn_selected.png": "#999999",
      "skin_custom_progress_bg.png": "#8898ac",
      "skin_delete_small_normal.png": "#999999",
      "skin_profilecard_musicbox_icon.png": "#999999",
      "skin_delete_small_press.png": "#c6c6c9",
      "skin_emosm_drag_handle.png": "#999999",
      "skin_entry_background.9.png": "#0e0e0e",
      "skin_entry_background_theme_version2.9.png": "#ffffff",
      "skin_group_list_item_normal.9.png": "#1f1f1f",
      "skin_group_list_item_normal_theme_version2.9.png": "#000000",
      "skin_group_list_item_parktop.9.png": "#000000",
      "skin_group_list_item_pressed.9.png": "#000000",
      "skin_group_list_item_pressed_theme_version2.9.png": "#191919",
      "skin_group_list_sub_entry.9.png": "#0b0b0b",
      "skin_group_list_sub_entry_theme_version2.9.png": "#ffffff",
      "skin_header_bar_bg.9.png": "#000000",
      "skin_header_bar_bg_miniaio.9.png": "#282828",
      "skin_header_btn_back_disable.9.png": "#f3f3f3",
      "skin_header_btn_back_normal.9.png": "#999999",
      "skin_header_btn_back_normal_black.9.png": "#999999",
      "skin_header_btn_back_press.9.png": "#c6c6c9",
      "skin_header_btn_back_press_black.9.png": "#c2c2c2",
      "skin_header_btn_indicative_normal.9.png": "#7d7d7d",
      "skin_header_btn_indicative_press.9.png": "#7a7a7a",
      "skin_header_btn_normal.9.png": "#ebebeb",
      "skin_header_btn_press.9.png": "#797979",
      "skin_header_icon_group.png": "#999999",
      "skin_header_icon_group_selected.png": "#c6c6c9",
      "skin_header_icon_single.png": "#999999",
      "skin_header_icon_single_aio_detheme.png": "#999999",
      "skin_header_icon_single_aio_detheme_sel.png": "#c6c6c9",
      "skin_header_icon_single_selected.png": "#c6c6c9",
      "skin_header_icon_title.png": "#999999",
      "skin_header_tab_left_normal.9.png": "#262626",
      "skin_header_tab_left_pressed.9.png": "#262626",
      "skin_header_tab_left_select.9.png": "#262626",
      "skin_header_tab_middle_normal.9.png": "#262626",
      "skin_header_tab_middle_pressed.9.png": "#262626",
      "skin_header_tab_middle_select.9.png": "#262626",
      "skin_header_tab_right_normal.9.png": "#262626",
      "skin_header_tab_right_pressed.9.png": "#262626",
      "skin_header_tab_right_select.9.png": "#262626",
      "skin_icon_arrow_right_normal.png": "#999999",
      "skin_icon_arrow_right_normal_theme_version2.png": "#999999",
      "skin_icon_arrow_right_pressed.png": "#c7c7c7",
      "skin_icon_ear.png": "#999999",
      "skin_indicator_expanded.9.png": "#999999",
      "skin_indicator_expanded_theme_version2.9.png": "#999999",
      "skin_indicator_unexpanded.9.png": "#999999",
      "skin_indicator_unexpanded_theme_version2.9.png": "#999999",
      "skin_list_item_normal.9.png": "#000000",
      "skin_list_item_normal_theme_version2.9.png": "#000000",
      "skin_list_item_normal_theme_version3.9.png": "#1a1a1a",
      "skin_list_item_pressed_theme_version2.9.png": "#262626",
      "skin_list_item_pressed_theme_version3.9.png": "#262626",
      "skin_list_item_pressed.9.png": "#262626",
      "skin_list_item_unread.9.png": "#000000",
      "skin_mini_app_collapse_desktop_normal.png": "#999999",
      "skin_mini_app_collapse_desktop_press.png": "#999999",
      "skin_mini_app_desktop_close_normal.png": "#999999",
      "skin_mini_app_desktop_close_press.png": "#999999",
      "skin_mini_app_desktop_notification_normal.png": "#999999",
      "skin_mini_app_desktop_notification_press.png": "#999999",
      "skin_mini_app_desktop_settings_normal.png": "#999999",
      "skin_mini_app_desktop_settings_press.png": "#999999",
      "skin_more_signin.png": "#a8a8ad",
      "skin_msgbox_bg_nor.9.png": "#111111",
      "skin_msgbox_bg_pressed.9.png": "#181818",
      "skin_msgbox_bg_top.9.png": "#151515",
      "skin_panel_background.png": "#000000",
      "skin_public_account_bar_button_normal.9.png": "#1c1c1c",
      "skin_public_account_bar_button_pressed.9.png": "#a4a4a4",
      "skin_qq_leba_table_mgr_add.png": "#4086f6",
      "skin_qq_leba_table_mgr_delete.png": "#999999",
      "skin_qq_player_bg.png": "#121212",
      "skin_qq_recommend_unread_tipsbar_background.9.png": "#a4a4a4",
      "skin_qq_recommend_unread_tipsbar_background_normal.9.png": "#a1a1a1",
      "skin_qq_recommend_unread_tipsbar_background_pressed.9.png": "#ffffff",
      "skin_qq_recommend_unread_tipsbar_head.png": "#999999",
      "skin_qq_recommend_unread_tipsbar_triangle.png": "#101010",
      "skin_qq_recommend_unread_tipsbar_triangle_normal.png": "#999999",
      "skin_qq_recommend_unread_tipsbar_triangle_pressed.png": "#999999",
      "skin_qq_tips_failed.png": "#999999",
      "skin_qqsetting_title_right_btn_moon.png": "#999999",
      "skin_qqsetting_title_right_btn_sun.png": "#999999",
      "skin_qvip_individuation_myindividuation_white.png": "#999999",
      "skin_qvip_individuation_search_white.png": "#999999",
      "skin_qvip_nearby_horn_layout_bg.9.png": "#1a1a1a",
      "skin_qvip_nearby_horn_layout_pressed_bg.9.png": "#1a1a1a",
      "skin_qvip_nearby_horn_publish_bg.9.png": "#1a1a1a",
      "skin_qz_btn_chuantu.png": "#999999",
      "skin_qz_btn_local.png": "#999999",
      "search_icon_simple_addfriend.png": "#999999",
      "search_icon_simple_emo.png": "#999999",
      "search_icon_simple_avatar.png": "#999999",
      "search_icon_simple_miniapp.png": "#999999",
      "search_icon_simple_heihua.png": "#999999",
      "search_icon_simple_qzone.png": "#999999",
      "skin_qz_btn_mood.png": "#999999",
      "skin_qz_btn_registration.png": "#999999",
      "skin_qz_btn_shuiyin.png": "#999999",
      "skin_qz_btn_video.png": "#999999",
      "skin_qz_icon_at_click.png": "#c6c6c9",
      "skin_qz_icon_at_nor.png": "#999999",
      "skin_qz_icon_face_click.png": "#2a579c",
      "skin_qz_icon_face_nor.png": "#999999",
      "skin_qz_moreop_bg.9.png": "#171717",
      "skin_qz_moreop_clk_bg.9.png": "#171717",
      "skin_qz_moreop_split.9.png": "#9b9b9b",
      "skin_qzone_camer_icon.png": "#999999",
      "skin_qzone_edit_jp_click.png": "#999999",
      "skin_qzone_edit_jp_nor.png": "#999999",
      "skin_qzone_feeddetail_collect.png": "#999999",
      "skin_qzone_feeddetail_editor.png": "#999999",
      "skin_qzone_feeddetail_more.png": "#999999",
      "skin_qzone_feeddetail_report.png": "#999999",
      "skin_qzone_feeddetail_share.png": "#999999",
      "skin_qzone_main_more.png": "#999999",
      "skin_qzone_share_album_icon.png": "#999999",
      "skin_represent_theme_icon.png": "#000000",
      "skin_searchbar_bg.png": "#000000",
      "skin_searchbar_bg_theme_version2.png": "#000000",
      "skin_searchbar_bg_theme_version2_top.png": "#000000",
      "skin_searchbar_button_normal.png": "#747474",
      "skin_searchbar_button_normal_theme_version2.png": "#ffffff",
      "skin_searchbar_button_pressed.png": "#6e6e6e",
      "skin_searchbar_button_pressed_theme_version2.png": "#ffffff",
      "skin_searchbar_icon.png": "#999999",
      "skin_searchbar_icon_theme_version2.png": "#999999",
      "skin_searchbar_input.9.png": "#000000",
      "skin_searchbar_input_theme_version2.9.png": "#1a1a1a",
      "skin_setting_strip_bg_pressed.9.png": "#1f1f1f",
      "skin_setting_strip_bg_pressed_theme_version2.9.png": "#1f1f1f",
      "skin_setting_strip_bg_unpressed.9.png": "#000000",
      "skin_setting_strip_bg_unpressed_theme_version2.9.png": "#ffffff",
      "skin_setting_strip_bottom_pressed.9.png": "#000000",
      "skin_setting_strip_bottom_pressed_theme_version2.9.png": "#ffffff",
      "skin_setting_strip_bottom_unpressed.9.png": "#000000",
      "skin_setting_strip_bottom_unpressed_theme_version2.9.png": "#ffffff",
      "skin_setting_strip_extra_pressed.png": "#000000",
      "skin_setting_strip_extra_unpressed.png": "#000000",
      "skin_setting_strip_line.png": "#000000",
      "skin_setting_strip_line_theme_version2.png": "#000000",
      "skin_setting_strip_middle_pressed.9.png": "#000000",
      "skin_setting_strip_middle_pressed_theme_version2.9.png": "#000000",
      "skin_setting_strip_middle_unpressed.9.png": "#000000",
      "skin_setting_strip_middle_unpressed_theme_version2.9.png": "#000000",
      "skin_setting_strip_right_bg_pressed.9.png": "#000000",
      "skin_setting_strip_right_bg_unpressed.9.png": "#000000",
      "skin_setting_strip_top_pressed.9.png": "#000000",
      "skin_setting_strip_top_pressed_theme_version2.9.png": "#ffffff",
      "skin_setting_strip_top_unpressed.9.png": "#000000",
      "skin_setting_strip_top_unpressed_theme_version2.9.png": "#ffffff",
      "skin_slidetab_bg.9.png": "#000000",
      "skin_slidetab_bg_press.9.png": "#000000",
      "skin_slidetab_slider.png": "#000000",
      "skin_slidetab_slider_current.png": "#32589f",
      "skin_subaccount_invalid_status_mask.png": "#66666666",
      "skin_switch_thumb_activited.png": "#ffffff",
      "skin_switch_thumb_activited_pressed.png": "#ffffff",
      "skin_switch_thumb_disabled.png": "#ffffff",
      "skin_switch_thumb_disabled_pressed.png": "#ffffff",
      "skin_switch_track.png": "#e5e5e5",
      "skin_switch_track_activited.png": "#0066cc",
      "skin_switch_track_enable_not.png": "#d1e3fc",
      "skin_tab_icon_call_normal.png": "#282828",
      "skin_tab_icon_call_selected.png": "#1b417c",
      "skin_tab_icon_contact_normal.png": "#999999",
      "skin_tabbar_bg.9.png": "#000000",
      "skin_tabbar_first_tab_select_left.png": "#ffffff",
      "skin_tabbar_last_tab_select_right.png": "#ffffff",
      "skin_tabbar_tab_select.9.png": "#ffffff",
      "skin_tabbar_tab_select_left.png": "#ffffff",
      "skin_tabbar_tab_select_right.png": "#ffffff",
      "skin_tips_dot.png": "#db443c",
      "skin_tips_dot_blue.png": "#0066CC",
      "skin_tips_dot_small.png": "#db443c",
      "skin_tips_newmessage.9.png": "#db443c",
      "skin_top_button_right_camera.png": "#999999",
      "skin_top_button_right_camera_pre.png": "#c6c6c9",
      "skin_top_button_right_qqcircle.png": "#999999",
      "skin_top_button_right_qqcircle_pressed.png": "#c6c6c9",
      "skin_troop_fans_ranking_normal.png": "#999999",
      "skin_unite_search_common_right_arrow.png": "#737373",
      "skin_vt_common_btn_unpressed.9.png": "#181818",
      "skin_wt_arrow.png": "#999999",
      "skin_wt_template_entrance.png": "#999999",
      "status_edit_history_n.png": "#999999",
      "status_edit_history_p.png": "#d3d3d6",
      "status_time_middle.png": "#181818",
      "subaccount_associated_account_header_icon_options_bg.9.png": "#181818",
      "subaccount_bind_tips_icon.png": "#999999",
      "subaccount_msg_header_line.9.png": "#000000",
      "subaccount_msglist_bg_bottom_normal.9.png": "#000000",
      "subaccount_msglist_bg_middle_normal.9.png": "#000000",
      "subaccount_msglist_bg_single_normal.9.png": "#000000",
      "subaccount_msglist_bg_top_normal.9.png": "#000000",
      "sysmsg_choose_tab_click.9.png": "#000000",
      "sysmsg_choose_tab_default.9.png": "#000000",
      "sysmsg_choose_tools.png": "#000000",
      "terminal_icon_ios.png": "#999999",
      "terminal_icon_ios_pressed.png": "#999999",
      "terminal_icon_mobile.png": "#999999",
      "terminal_icon_mobile_pressed.png": "#999999",
      "terminal_icon_pc.png": "#999999",
      "terminal_icon_pc_pressed.png": "#999999",
      "troop_aio_notification_arrow.png": "#18417c",
      "troop_anonymous_deliver_flowsers.png": "#999999",
      "troop_deliver_flowsers.png": "#999999",
      "troop_msg_navigatebar_container_bg_nightmode_normal.9.png": "#383838",
      "troop_msg_navigatebar_container_bg_nightmode_pressed.9.png": "#9b9b9b",
      "troop_msg_notification_container_bg_normal.9.png": "#9b9b9b",
      "troop_msg_notification_container_bg_normalpressed.9.png": "#383838",
      "troop_notification_bar_blue_arrow.png": "#1b417c",
      "troop_notification_bar_orange_arrow.png": "#1b417c",
      "wap_qqbrowser.png": "#999999",
      "weiyun_backup_album.9.png": "#999999",
      "weiyun_backup_bg_listview_sticky_header.9.png": "#f1f1f5",
      "weiyun_backup_bg_tab.9.png": "#f8f8f8",
      "weiyun_backup_btn_blue_nor.9.png": "#5998ee",
      "weiyun_backup_download.png": "#999999",
      "weiyun_backup_entry_icon.png": "#999999",
      "weiyun_backup_ic_play.png": "#4fa4f8",
      "weiyun_backup_icon_titlebar_disk_upload.png": "#ffffff",
      "weiyun_backup_picturecount_bg.9.png": "#cccccc",
      "weiyun_backup_super_vip_logo.png": "#c3996a",
      "weiyun_backup_upload.png": "#999999",
      "weiyun_backup_vip_logo2.png": "#d3b35f",
      "xman_bg.9.png": "#111111",
      "skin_aio_input_bg.9.png": "#1a1a1a",
      "qq_contact_banner_icon_simple.png": "#999999"
    }
  }
}