{"web.p.qq.com/qqmpmobile/pubsearch/style/images/icon_err2.png":"b562635969b85ebedf8e49b52c79665454aaf221","web.p.qq.com/qqmpmobile/pubsearch/style/images/icon.png":"e77e77a65238d0a483211efa23d7552e9a64abe0","web.p.qq.com/qqmpmobile/pubsearch/style/images/auth2.png":"54966be6b9980d9a1abd870a21a6d939bfcebba0","web.p.qq.com/qqmpmobile/pubsearch/js/jm.js":"9fda1b274cc9fe20790c062026fd7b13063c5a0d","web.p.qq.com/qqmpmobile/pubsearch/style/images/icon_err.png":"db6a3a25ce644ad9cbe21a2a1cab7c8a5c97aea9","web.p.qq.com/qqmpmobile/pubsearch/style/images/icon_search.png":"a716bf50c5bae4491e87d4e31b6f0593d2922fe9","web.p.qq.com/qqmpmobile/pubsearch/style/images/loading.gif":"bd54db91b81fa8a9ec37c93b10948dd8b690e4c4","web.p.qq.com/qqmpmobile/pubsearch/style/search.css":"1f94dd0e8a9051ba8342feca6d5860f27769611f","web.p.qq.com/qqmpmobile/pubsearch/js/search.js":"0bda474c6581474bc420ea8da274800745242a78","web.p.qq.com/qqmpmobile/pubsearch/style/images/loading2.gif":"b8a77b23a81d135af442339db08b23e6422d1e21","web.p.qq.com/qqmpmobile/pubsearch/search.html":"4d0c51518507e74bc7e6f98bc02b5bf2b13c0c80","web.p.qq.com/qqmpmobile/pubsearch/js/jsbridge.js":"f8317a62062c26477e2405ab91410bea8949b14b"}